reference_scene,secondary_scene,reference_date,secondary_date,temporal_baseline_days,orbit_direction,relative_orbit,pair_key,selection_status
S1A_IW_SLC__1SDV_20240111T121315_20240111T121342_052059_064AA5_7139,S1A_IW_SLC__1SDV_20240123T121315_20240123T121341_052234_065093_F3A2,2024-01-11,2024-01-23,12.0,ASCENDING,12,S1A_IW_SLC__1SDV_20240111T121315_20240111T121342_052059_064AA5_7139__S1A_IW_SLC__1SDV_20240123T121315_20240123T121341_052234_065093_F3A2,CANDIDATE
S1A_IW_SLC__1SDV_20240111T121315_20240111T121342_052059_064AA5_7139,S1A_IW_SLC__1SDV_20240204T121314_20240204T121341_052409_06567F_3AFD,2024-01-11,2024-02-04,24.0,ASCENDING,12,S1A_IW_SLC__1SDV_20240111T121315_20240111T121342_052059_064AA5_7139__S1A_IW_SLC__1SDV_20240204T121314_20240204T121341_052409_06567F_3AFD,CANDIDATE
S1A_IW_SLC__1SDV_20240123T121315_20240123T121341_052234_065093_F3A2,S1A_IW_SLC__1SDV_20240204T121314_20240204T121341_052409_06567F_3AFD,2024-01-23,2024-02-04,12.0,ASCENDING,12,S1A_IW_SLC__1SDV_20240123T121315_20240123T121341_052234_065093_F3A2__S1A_IW_SLC__1SDV_20240204T121314_20240204T121341_052409_06567F_3AFD,CANDIDATE
S1A_IW_SLC__1SDV_20240123T121315_20240123T121341_052234_065093_F3A2,S1A_IW_SLC__1SDV_20240216T121314_20240216T121341_052584_065C6B_0649,2024-01-23,2024-02-16,24.0,ASCENDING,12,S1A_IW_SLC__1SDV_20240123T121315_20240123T121341_052234_065093_F3A2__S1A_IW_SLC__1SDV_20240216T121314_20240216T121341_052584_065C6B_0649,CANDIDATE
S1A_IW_SLC__1SDV_20240204T121314_20240204T121341_052409_06567F_3AFD,S1A_IW_SLC__1SDV_20240216T121314_20240216T121341_052584_065C6B_0649,2024-02-04,2024-02-16,12.0,ASCENDING,12,S1A_IW_SLC__1SDV_20240204T121314_20240204T121341_052409_06567F_3AFD__S1A_IW_SLC__1SDV_20240216T121314_20240216T121341_052584_065C6B_0649,CANDIDATE
S1A_IW_SLC__1SDV_20240204T121314_20240204T121341_052409_06567F_3AFD,S1A_IW_SLC__1SDV_20240228T121314_20240228T121341_052759_066257_9945,2024-02-04,2024-02-28,24.0,ASCENDING,12,S1A_IW_SLC__1SDV_20240204T121314_20240204T121341_052409_06567F_3AFD__S1A_IW_SLC__1SDV_20240228T121314_20240228T121341_052759_066257_9945,CANDIDATE
S1A_IW_SLC__1SDV_20240216T121314_20240216T121341_052584_065C6B_0649,S1A_IW_SLC__1SDV_20240228T121314_20240228T121341_052759_066257_9945,2024-02-16,2024-02-28,12.0,ASCENDING,12,S1A_IW_SLC__1SDV_20240216T121314_20240216T121341_052584_065C6B_0649__S1A_IW_SLC__1SDV_20240228T121314_20240228T121341_052759_066257_9945,CANDIDATE
S1A_IW_SLC__1SDV_20240216T121314_20240216T121341_052584_065C6B_0649,S1A_IW_SLC__1SDV_20240311T121314_20240311T121341_052934_06684D_806D,2024-02-16,2024-03-11,24.0,ASCENDING,12,S1A_IW_SLC__1SDV_20240216T121314_20240216T121341_052584_065C6B_0649__S1A_IW_SLC__1SDV_20240311T121314_20240311T121341_052934_06684D_806D,CANDIDATE
S1A_IW_SLC__1SDV_20240228T121314_20240228T121341_052759_066257_9945,S1A_IW_SLC__1SDV_20240311T121314_20240311T121341_052934_06684D_806D,2024-02-28,2024-03-11,12.0,ASCENDING,12,S1A_IW_SLC__1SDV_20240228T121314_20240228T121341_052759_066257_9945__S1A_IW_SLC__1SDV_20240311T121314_20240311T121341_052934_06684D_806D,CANDIDATE
S1A_IW_SLC__1SDV_20240228T121314_20240228T121341_052759_066257_9945,S1A_IW_SLC__1SDV_20240323T121314_20240323T121341_053109_066ED6_BBE1,2024-02-28,2024-03-23,24.0,ASCENDING,12,S1A_IW_SLC__1SDV_20240228T121314_20240228T121341_052759_066257_9945__S1A_IW_SLC__1SDV_20240323T121314_20240323T121341_053109_066ED6_BBE1,CANDIDATE
S1A_IW_SLC__1SDV_20240311T121314_20240311T121341_052934_06684D_806D,S1A_IW_SLC__1SDV_20240323T121314_20240323T121341_053109_066ED6_BBE1,2024-03-11,2024-03-23,12.0,ASCENDING,12,S1A_IW_SLC__1SDV_20240311T121314_20240311T121341_052934_06684D_806D__S1A_IW_SLC__1SDV_20240323T121314_20240323T121341_053109_066ED6_BBE1,CANDIDATE
S1A_IW_SLC__1SDV_20240323T121314_20240323T121341_053109_066ED6_BBE1,S1A_IW_SLC__1SDV_20240404T121315_20240404T121342_053284_06757B_D173,2024-03-23,2024-04-04,12.0,ASCENDING,12,S1A_IW_SLC__1SDV_20240323T121314_20240323T121341_053109_066ED6_BBE1__S1A_IW_SLC__1SDV_20240404T121315_20240404T121342_053284_06757B_D173,CANDIDATE
S1A_IW_SLC__1SDV_20240404T121315_20240404T121342_053284_06757B_D173,S1A_IW_SLC__1SDV_20240416T121315_20240416T121342_053459_067C6D_E449,2024-04-04,2024-04-16,12.0,ASCENDING,12,S1A_IW_SLC__1SDV_20240404T121315_20240404T121342_053284_06757B_D173__S1A_IW_SLC__1SDV_20240416T121315_20240416T121342_053459_067C6D_E449,CANDIDATE
S1A_IW_SLC__1SDV_20240416T121315_20240416T121342_053459_067C6D_E449,S1A_IW_SLC__1SDV_20240428T121316_20240428T121342_053634_06834C_275A,2024-04-16,2024-04-28,12.0,ASCENDING,12,S1A_IW_SLC__1SDV_20240416T121315_20240416T121342_053459_067C6D_E449__S1A_IW_SLC__1SDV_20240428T121316_20240428T121342_053634_06834C_275A,CANDIDATE
S1A_IW_SLC__1SDV_20240428T121316_20240428T121342_053634_06834C_275A,S1A_IW_SLC__1SDV_20240510T121316_20240510T121343_053809_068A02_58C3,2024-04-28,2024-05-10,12.0,ASCENDING,12,S1A_IW_SLC__1SDV_20240428T121316_20240428T121342_053634_06834C_275A__S1A_IW_SLC__1SDV_20240510T121316_20240510T121343_053809_068A02_58C3,CANDIDATE
S1A_IW_SLC__1SDV_20240428T121316_20240428T121342_053634_06834C_275A,S1A_IW_SLC__1SDV_20240522T121315_20240522T121342_053984_069006_423A,2024-04-28,2024-05-22,24.0,ASCENDING,12,S1A_IW_SLC__1SDV_20240428T121316_20240428T121342_053634_06834C_275A__S1A_IW_SLC__1SDV_20240522T121315_20240522T121342_053984_069006_423A,CANDIDATE
S1A_IW_SLC__1SDV_20240510T121316_20240510T121343_053809_068A02_58C3,S1A_IW_SLC__1SDV_20240522T121315_20240522T121342_053984_069006_423A,2024-05-10,2024-05-22,12.0,ASCENDING,12,S1A_IW_SLC__1SDV_20240510T121316_20240510T121343_053809_068A02_58C3__S1A_IW_SLC__1SDV_20240522T121315_20240522T121342_053984_069006_423A,CANDIDATE
S1A_IW_SLC__1SDV_20240510T121316_20240510T121343_053809_068A02_58C3,S1A_IW_SLC__1SDV_20240603T121315_20240603T121342_054159_069615_B498,2024-05-10,2024-06-03,24.0,ASCENDING,12,S1A_IW_SLC__1SDV_20240510T121316_20240510T121343_053809_068A02_58C3__S1A_IW_SLC__1SDV_20240603T121315_20240603T121342_054159_069615_B498,CANDIDATE
S1A_IW_SLC__1SDV_20240522T121315_20240522T121342_053984_069006_423A,S1A_IW_SLC__1SDV_20240603T121315_20240603T121342_054159_069615_B498,2024-05-22,2024-06-03,12.0,ASCENDING,12,S1A_IW_SLC__1SDV_20240522T121315_20240522T121342_053984_069006_423A__S1A_IW_SLC__1SDV_20240603T121315_20240603T121342_054159_069615_B498,CANDIDATE
S1A_IW_SLC__1SDV_20240522T121315_20240522T121342_053984_069006_423A,S1A_IW_SLC__1SDV_20240615T121315_20240615T121342_054334_069C22_5A68,2024-05-22,2024-06-15,24.0,ASCENDING,12,S1A_IW_SLC__1SDV_20240522T121315_20240522T121342_053984_069006_423A__S1A_IW_SLC__1SDV_20240615T121315_20240615T121342_054334_069C22_5A68,CANDIDATE
S1A_IW_SLC__1SDV_20240603T121315_20240603T121342_054159_069615_B498,S1A_IW_SLC__1SDV_20240615T121315_20240615T121342_054334_069C22_5A68,2024-06-03,2024-06-15,12.0,ASCENDING,12,S1A_IW_SLC__1SDV_20240603T121315_20240603T121342_054159_069615_B498__S1A_IW_SLC__1SDV_20240615T121315_20240615T121342_054334_069C22_5A68,CANDIDATE
S1A_IW_SLC__1SDV_20240603T121315_20240603T121342_054159_069615_B498,S1A_IW_SLC__1SDV_20240627T121314_20240627T121341_054509_06A233_B6A8,2024-06-03,2024-06-27,24.0,ASCENDING,12,S1A_IW_SLC__1SDV_20240603T121315_20240603T121342_054159_069615_B498__S1A_IW_SLC__1SDV_20240627T121314_20240627T121341_054509_06A233_B6A8,CANDIDATE
S1A_IW_SLC__1SDV_20240615T121315_20240615T121342_054334_069C22_5A68,S1A_IW_SLC__1SDV_20240627T121314_20240627T121341_054509_06A233_B6A8,2024-06-15,2024-06-27,12.0,ASCENDING,12,S1A_IW_SLC__1SDV_20240615T121315_20240615T121342_054334_069C22_5A68__S1A_IW_SLC__1SDV_20240627T121314_20240627T121341_054509_06A233_B6A8,CANDIDATE
S1A_IW_SLC__1SDV_20240615T121315_20240615T121342_054334_069C22_5A68,S1A_IW_SLC__1SDV_20240709T121313_20240709T121340_054684_06A84C_9C26,2024-06-15,2024-07-09,24.0,ASCENDING,12,S1A_IW_SLC__1SDV_20240615T121315_20240615T121342_054334_069C22_5A68__S1A_IW_SLC__1SDV_20240709T121313_20240709T121340_054684_06A84C_9C26,CANDIDATE
S1A_IW_SLC__1SDV_20240627T121314_20240627T121341_054509_06A233_B6A8,S1A_IW_SLC__1SDV_20240721T121313_20240721T121340_054859_06AE5A_D9A9,2024-06-27,2024-07-21,24.0,ASCENDING,12,S1A_IW_SLC__1SDV_20240627T121314_20240627T121341_054509_06A233_B6A8__S1A_IW_SLC__1SDV_20240721T121313_20240721T121340_054859_06AE5A_D9A9,CANDIDATE
S1A_IW_SLC__1SDV_20240709T121313_20240709T121340_054684_06A84C_9C26,S1A_IW_SLC__1SDV_20240721T121313_20240721T121340_054859_06AE5A_D9A9,2024-07-09,2024-07-21,12.0,ASCENDING,12,S1A_IW_SLC__1SDV_20240709T121313_20240709T121340_054684_06A84C_9C26__S1A_IW_SLC__1SDV_20240721T121313_20240721T121340_054859_06AE5A_D9A9,CANDIDATE
S1A_IW_SLC__1SDV_20240709T121313_20240709T121340_054684_06A84C_9C26,S1A_IW_SLC__1SDV_20240802T121313_20240802T121340_055034_06B474_F0E6,2024-07-09,2024-08-02,24.0,ASCENDING,12,S1A_IW_SLC__1SDV_20240709T121313_20240709T121340_054684_06A84C_9C26__S1A_IW_SLC__1SDV_20240802T121313_20240802T121340_055034_06B474_F0E6,CANDIDATE
S1A_IW_SLC__1SDV_20240721T121313_20240721T121340_054859_06AE5A_D9A9,S1A_IW_SLC__1SDV_20240802T121313_20240802T121340_055034_06B474_F0E6,2024-07-21,2024-08-02,12.0,ASCENDING,12,S1A_IW_SLC__1SDV_20240721T121313_20240721T121340_054859_06AE5A_D9A9__S1A_IW_SLC__1SDV_20240802T121313_20240802T121340_055034_06B474_F0E6,CANDIDATE
S1A_IW_SLC__1SDV_20240721T121313_20240721T121340_054859_06AE5A_D9A9,S1A_IW_SLC__1SDV_20240814T121313_20240814T121340_055209_06BAB8_CCDA,2024-07-21,2024-08-14,24.0,ASCENDING,12,S1A_IW_SLC__1SDV_20240721T121313_20240721T121340_054859_06AE5A_D9A9__S1A_IW_SLC__1SDV_20240814T121313_20240814T121340_055209_06BAB8_CCDA,CANDIDATE
S1A_IW_SLC__1SDV_20240802T121313_20240802T121340_055034_06B474_F0E6,S1A_IW_SLC__1SDV_20240814T121313_20240814T121340_055209_06BAB8_CCDA,2024-08-02,2024-08-14,12.0,ASCENDING,12,S1A_IW_SLC__1SDV_20240802T121313_20240802T121340_055034_06B474_F0E6__S1A_IW_SLC__1SDV_20240814T121313_20240814T121340_055209_06BAB8_CCDA,CANDIDATE
S1A_IW_SLC__1SDV_20240802T121313_20240802T121340_055034_06B474_F0E6,S1A_IW_SLC__1SDV_20240826T121313_20240826T121340_055384_06C139_7DE6,2024-08-02,2024-08-26,24.0,ASCENDING,12,S1A_IW_SLC__1SDV_20240802T121313_20240802T121340_055034_06B474_F0E6__S1A_IW_SLC__1SDV_20240826T121313_20240826T121340_055384_06C139_7DE6,CANDIDATE
S1A_IW_SLC__1SDV_20240814T121313_20240814T121340_055209_06BAB8_CCDA,S1A_IW_SLC__1SDV_20240826T121313_20240826T121340_055384_06C139_7DE6,2024-08-14,2024-08-26,12.0,ASCENDING,12,S1A_IW_SLC__1SDV_20240814T121313_20240814T121340_055209_06BAB8_CCDA__S1A_IW_SLC__1SDV_20240826T121313_20240826T121340_055384_06C139_7DE6,CANDIDATE
S1A_IW_SLC__1SDV_20240814T121313_20240814T121340_055209_06BAB8_CCDA,S1A_IW_SLC__1SDV_20240907T121313_20240907T121340_055559_06C7DA_2539,2024-08-14,2024-09-07,24.0,ASCENDING,12,S1A_IW_SLC__1SDV_20240814T121313_20240814T121340_055209_06BAB8_CCDA__S1A_IW_SLC__1SDV_20240907T121313_20240907T121340_055559_06C7DA_2539,CANDIDATE
S1A_IW_SLC__1SDV_20240826T121313_20240826T121340_055384_06C139_7DE6,S1A_IW_SLC__1SDV_20240907T121313_20240907T121340_055559_06C7DA_2539,2024-08-26,2024-09-07,12.0,ASCENDING,12,S1A_IW_SLC__1SDV_20240826T121313_20240826T121340_055384_06C139_7DE6__S1A_IW_SLC__1SDV_20240907T121313_20240907T121340_055559_06C7DA_2539,CANDIDATE
S1A_IW_SLC__1SDV_20240907T121313_20240907T121340_055559_06C7DA_2539,S1A_IW_SLC__1SDV_20240919T121314_20240919T121341_055734_06CEC2_4066,2024-09-07,2024-09-19,12.0,ASCENDING,12,S1A_IW_SLC__1SDV_20240907T121313_20240907T121340_055559_06C7DA_2539__S1A_IW_SLC__1SDV_20240919T121314_20240919T121341_055734_06CEC2_4066,CANDIDATE
S1A_IW_SLC__1SDV_20240919T121314_20240919T121341_055734_06CEC2_4066,S1A_IW_SLC__1SDV_20241001T121314_20241001T121341_055909_06D5B2_3A63,2024-09-19,2024-10-01,12.0,ASCENDING,12,S1A_IW_SLC__1SDV_20240919T121314_20240919T121341_055734_06CEC2_4066__S1A_IW_SLC__1SDV_20241001T121314_20241001T121341_055909_06D5B2_3A63,CANDIDATE
S1A_IW_SLC__1SDV_20240919T121314_20240919T121341_055734_06CEC2_4066,S1A_IW_SLC__1SDV_20241013T121314_20241013T121341_056084_06DC93_DA66,2024-09-19,2024-10-13,24.0,ASCENDING,12,S1A_IW_SLC__1SDV_20240919T121314_20240919T121341_055734_06CEC2_4066__S1A_IW_SLC__1SDV_20241013T121314_20241013T121341_056084_06DC93_DA66,CANDIDATE
S1A_IW_SLC__1SDV_20241001T121314_20241001T121341_055909_06D5B2_3A63,S1A_IW_SLC__1SDV_20241013T121314_20241013T121341_056084_06DC93_DA66,2024-10-01,2024-10-13,12.0,ASCENDING,12,S1A_IW_SLC__1SDV_20241001T121314_20241001T121341_055909_06D5B2_3A63__S1A_IW_SLC__1SDV_20241013T121314_20241013T121341_056084_06DC93_DA66,CANDIDATE
S1A_IW_SLC__1SDV_20241001T121314_20241001T121341_055909_06D5B2_3A63,S1A_IW_SLC__1SDV_20241025T121314_20241025T121341_056259_06E389_2DD2,2024-10-01,2024-10-25,24.0,ASCENDING,12,S1A_IW_SLC__1SDV_20241001T121314_20241001T121341_055909_06D5B2_3A63__S1A_IW_SLC__1SDV_20241025T121314_20241025T121341_056259_06E389_2DD2,CANDIDATE
S1A_IW_SLC__1SDV_20241013T121314_20241013T121341_056084_06DC93_DA66,S1A_IW_SLC__1SDV_20241025T121314_20241025T121341_056259_06E389_2DD2,2024-10-13,2024-10-25,12.0,ASCENDING,12,S1A_IW_SLC__1SDV_20241013T121314_20241013T121341_056084_06DC93_DA66__S1A_IW_SLC__1SDV_20241025T121314_20241025T121341_056259_06E389_2DD2,CANDIDATE
S1A_IW_SLC__1SDV_20241013T121314_20241013T121341_056084_06DC93_DA66,S1A_IW_SLC__1SDV_20241106T121314_20241106T121341_056434_06EA75_192E,2024-10-13,2024-11-06,24.0,ASCENDING,12,S1A_IW_SLC__1SDV_20241013T121314_20241013T121341_056084_06DC93_DA66__S1A_IW_SLC__1SDV_20241106T121314_20241106T121341_056434_06EA75_192E,CANDIDATE
S1A_IW_SLC__1SDV_20241025T121314_20241025T121341_056259_06E389_2DD2,S1A_IW_SLC__1SDV_20241106T121314_20241106T121341_056434_06EA75_192E,2024-10-25,2024-11-06,12.0,ASCENDING,12,S1A_IW_SLC__1SDV_20241025T121314_20241025T121341_056259_06E389_2DD2__S1A_IW_SLC__1SDV_20241106T121314_20241106T121341_056434_06EA75_192E,CANDIDATE
S1A_IW_SLC__1SDV_20241025T121314_20241025T121341_056259_06E389_2DD2,S1A_IW_SLC__1SDV_20241118T121314_20241118T121341_056609_06F174_F57A,2024-10-25,2024-11-18,24.0,ASCENDING,12,S1A_IW_SLC__1SDV_20241025T121314_20241025T121341_056259_06E389_2DD2__S1A_IW_SLC__1SDV_20241118T121314_20241118T121341_056609_06F174_F57A,CANDIDATE
S1A_IW_SLC__1SDV_20241106T121314_20241106T121341_056434_06EA75_192E,S1A_IW_SLC__1SDV_20241118T121314_20241118T121341_056609_06F174_F57A,2024-11-06,2024-11-18,12.0,ASCENDING,12,S1A_IW_SLC__1SDV_20241106T121314_20241106T121341_056434_06EA75_192E__S1A_IW_SLC__1SDV_20241118T121314_20241118T121341_056609_06F174_F57A,CANDIDATE
S1A_IW_SLC__1SDV_20241106T121314_20241106T121341_056434_06EA75_192E,S1A_IW_SLC__1SDV_20241130T121313_20241130T121340_056784_06F86D_7D8E,2024-11-06,2024-11-30,24.0,ASCENDING,12,S1A_IW_SLC__1SDV_20241106T121314_20241106T121341_056434_06EA75_192E__S1A_IW_SLC__1SDV_20241130T121313_20241130T121340_056784_06F86D_7D8E,CANDIDATE
S1A_IW_SLC__1SDV_20241118T121314_20241118T121341_056609_06F174_F57A,S1A_IW_SLC__1SDV_20241130T121313_20241130T121340_056784_06F86D_7D8E,2024-11-18,2024-11-30,12.0,ASCENDING,12,S1A_IW_SLC__1SDV_20241118T121314_20241118T121341_056609_06F174_F57A__S1A_IW_SLC__1SDV_20241130T121313_20241130T121340_056784_06F86D_7D8E,CANDIDATE
S1A_IW_SLC__1SDV_20241118T121314_20241118T121341_056609_06F174_F57A,S1A_IW_SLC__1SDV_20241212T121312_20241212T121339_056959_06FF45_BF94,2024-11-18,2024-12-12,24.0,ASCENDING,12,S1A_IW_SLC__1SDV_20241118T121314_20241118T121341_056609_06F174_F57A__S1A_IW_SLC__1SDV_20241212T121312_20241212T121339_056959_06FF45_BF94,CANDIDATE
S1A_IW_SLC__1SDV_20241130T121313_20241130T121340_056784_06F86D_7D8E,S1A_IW_SLC__1SDV_20241212T121312_20241212T121339_056959_06FF45_BF94,2024-11-30,2024-12-12,12.0,ASCENDING,12,S1A_IW_SLC__1SDV_20241130T121313_20241130T121340_056784_06F86D_7D8E__S1A_IW_SLC__1SDV_20241212T121312_20241212T121339_056959_06FF45_BF94,CANDIDATE
S1A_IW_SLC__1SDV_20241130T121313_20241130T121340_056784_06F86D_7D8E,S1A_IW_SLC__1SDV_20241224T121311_20241224T121338_057134_070650_823B,2024-11-30,2024-12-24,24.0,ASCENDING,12,S1A_IW_SLC__1SDV_20241130T121313_20241130T121340_056784_06F86D_7D8E__S1A_IW_SLC__1SDV_20241224T121311_20241224T121338_057134_070650_823B,CANDIDATE
S1A_IW_SLC__1SDV_20241212T121312_20241212T121339_056959_06FF45_BF94,S1A_IW_SLC__1SDV_20241224T121311_20241224T121338_057134_070650_823B,2024-12-12,2024-12-24,12.0,ASCENDING,12,S1A_IW_SLC__1SDV_20241212T121312_20241212T121339_056959_06FF45_BF94__S1A_IW_SLC__1SDV_20241224T121311_20241224T121338_057134_070650_823B,CANDIDATE
S1A_IW_SLC__1SDV_20241212T121312_20241212T121339_056959_06FF45_BF94,S1A_IW_SLC__1SDV_20250105T121310_20250105T121337_057309_070D2E_34D4,2024-12-12,2025-01-05,24.0,ASCENDING,12,S1A_IW_SLC__1SDV_20241212T121312_20241212T121339_056959_06FF45_BF94__S1A_IW_SLC__1SDV_20250105T121310_20250105T121337_057309_070D2E_34D4,CANDIDATE
S1A_IW_SLC__1SDV_20241224T121311_20241224T121338_057134_070650_823B,S1A_IW_SLC__1SDV_20250105T121310_20250105T121337_057309_070D2E_34D4,2024-12-24,2025-01-05,12.0,ASCENDING,12,S1A_IW_SLC__1SDV_20241224T121311_20241224T121338_057134_070650_823B__S1A_IW_SLC__1SDV_20250105T121310_20250105T121337_057309_070D2E_34D4,CANDIDATE
S1A_IW_SLC__1SDV_20241224T121311_20241224T121338_057134_070650_823B,S1A_IW_SLC__1SDV_20250117T121308_20250117T121335_057484_07141C_96CE,2024-12-24,2025-01-17,24.0,ASCENDING,12,S1A_IW_SLC__1SDV_20241224T121311_20241224T121338_057134_070650_823B__S1A_IW_SLC__1SDV_20250117T121308_20250117T121335_057484_07141C_96CE,CANDIDATE
S1A_IW_SLC__1SDV_20250105T121310_20250105T121337_057309_070D2E_34D4,S1A_IW_SLC__1SDV_20250117T121308_20250117T121335_057484_07141C_96CE,2025-01-05,2025-01-17,12.0,ASCENDING,12,S1A_IW_SLC__1SDV_20250105T121310_20250105T121337_057309_070D2E_34D4__S1A_IW_SLC__1SDV_20250117T121308_20250117T121335_057484_07141C_96CE,CANDIDATE
S1A_IW_SLC__1SDV_20250105T121310_20250105T121337_057309_070D2E_34D4,S1A_IW_SLC__1SDV_20250129T121308_20250129T121335_057659_071B11_E179,2025-01-05,2025-01-29,24.0,ASCENDING,12,S1A_IW_SLC__1SDV_20250105T121310_20250105T121337_057309_070D2E_34D4__S1A_IW_SLC__1SDV_20250129T121308_20250129T121335_057659_071B11_E179,CANDIDATE
S1A_IW_SLC__1SDV_20250117T121308_20250117T121335_057484_07141C_96CE,S1A_IW_SLC__1SDV_20250129T121308_20250129T121335_057659_071B11_E179,2025-01-17,2025-01-29,12.0,ASCENDING,12,S1A_IW_SLC__1SDV_20250117T121308_20250117T121335_057484_07141C_96CE__S1A_IW_SLC__1SDV_20250129T121308_20250129T121335_057659_071B11_E179,CANDIDATE
S1A_IW_SLC__1SDV_20250117T121308_20250117T121335_057484_07141C_96CE,S1A_IW_SLC__1SDV_20250210T121308_20250210T121334_057834_072205_E907,2025-01-17,2025-02-10,24.0,ASCENDING,12,S1A_IW_SLC__1SDV_20250117T121308_20250117T121335_057484_07141C_96CE__S1A_IW_SLC__1SDV_20250210T121308_20250210T121334_057834_072205_E907,CANDIDATE
S1A_IW_SLC__1SDV_20250129T121308_20250129T121335_057659_071B11_E179,S1A_IW_SLC__1SDV_20250210T121308_20250210T121334_057834_072205_E907,2025-01-29,2025-02-10,12.0,ASCENDING,12,S1A_IW_SLC__1SDV_20250129T121308_20250129T121335_057659_071B11_E179__S1A_IW_SLC__1SDV_20250210T121308_20250210T121334_057834_072205_E907,CANDIDATE
S1A_IW_SLC__1SDV_20250129T121308_20250129T121335_057659_071B11_E179,S1A_IW_SLC__1SDV_20250222T121307_20250222T121334_058009_072921_3834,2025-01-29,2025-02-22,24.0,ASCENDING,12,S1A_IW_SLC__1SDV_20250129T121308_20250129T121335_057659_071B11_E179__S1A_IW_SLC__1SDV_20250222T121307_20250222T121334_058009_072921_3834,CANDIDATE
S1A_IW_SLC__1SDV_20250210T121308_20250210T121334_057834_072205_E907,S1A_IW_SLC__1SDV_20250222T121307_20250222T121334_058009_072921_3834,2025-02-10,2025-02-22,12.0,ASCENDING,12,S1A_IW_SLC__1SDV_20250210T121308_20250210T121334_057834_072205_E907__S1A_IW_SLC__1SDV_20250222T121307_20250222T121334_058009_072921_3834,CANDIDATE
S1A_IW_SLC__1SDV_20250210T121308_20250210T121334_057834_072205_E907,S1A_IW_SLC__1SDV_20250306T121307_20250306T121334_058184_07304E_4C3E,2025-02-10,2025-03-06,24.0,ASCENDING,12,S1A_IW_SLC__1SDV_20250210T121308_20250210T121334_057834_072205_E907__S1A_IW_SLC__1SDV_20250306T121307_20250306T121334_058184_07304E_4C3E,CANDIDATE
S1A_IW_SLC__1SDV_20250222T121307_20250222T121334_058009_072921_3834,S1A_IW_SLC__1SDV_20250306T121307_20250306T121334_058184_07304E_4C3E,2025-02-22,2025-03-06,12.0,ASCENDING,12,S1A_IW_SLC__1SDV_20250222T121307_20250222T121334_058009_072921_3834__S1A_IW_SLC__1SDV_20250306T121307_20250306T121334_058184_07304E_4C3E,CANDIDATE
S1A_IW_SLC__1SDV_20250222T121307_20250222T121334_058009_072921_3834,S1A_IW_SLC__1SDV_20250318T121307_20250318T121334_058359_073734_A8BE,2025-02-22,2025-03-18,24.0,ASCENDING,12,S1A_IW_SLC__1SDV_20250222T121307_20250222T121334_058009_072921_3834__S1A_IW_SLC__1SDV_20250318T121307_20250318T121334_058359_073734_A8BE,CANDIDATE
S1A_IW_SLC__1SDV_20250318T121307_20250318T121334_058359_073734_A8BE,S1A_IW_SLC__1SDV_20250330T121308_20250330T121335_058534_073E33_B66F,2025-03-18,2025-03-30,12.0,ASCENDING,12,S1A_IW_SLC__1SDV_20250318T121307_20250318T121334_058359_073734_A8BE__S1A_IW_SLC__1SDV_20250330T121308_20250330T121335_058534_073E33_B66F,CANDIDATE
S1A_IW_SLC__1SDV_20250318T121307_20250318T121334_058359_073734_A8BE,S1A_IW_SLC__1SDV_20250411T121307_20250411T121334_058709_074561_54D5,2025-03-18,2025-04-11,24.0,ASCENDING,12,S1A_IW_SLC__1SDV_20250318T121307_20250318T121334_058359_073734_A8BE__S1A_IW_SLC__1SDV_20250411T121307_20250411T121334_058709_074561_54D5,CANDIDATE
S1A_IW_SLC__1SDV_20250330T121308_20250330T121335_058534_073E33_B66F,S1A_IW_SLC__1SDV_20250411T121307_20250411T121334_058709_074561_54D5,2025-03-30,2025-04-11,12.0,ASCENDING,12,S1A_IW_SLC__1SDV_20250330T121308_20250330T121335_058534_073E33_B66F__S1A_IW_SLC__1SDV_20250411T121307_20250411T121334_058709_074561_54D5,CANDIDATE
S1A_IW_SLC__1SDV_20250330T121308_20250330T121335_058534_073E33_B66F,S1A_IW_SLC__1SDV_20250423T121308_20250423T121335_058884_074C8A_241A,2025-03-30,2025-04-23,24.0,ASCENDING,12,S1A_IW_SLC__1SDV_20250330T121308_20250330T121335_058534_073E33_B66F__S1A_IW_SLC__1SDV_20250423T121308_20250423T121335_058884_074C8A_241A,CANDIDATE
S1A_IW_SLC__1SDV_20250411T121307_20250411T121334_058709_074561_54D5,S1A_IW_SLC__1SDV_20250423T121308_20250423T121335_058884_074C8A_241A,2025-04-11,2025-04-23,12.0,ASCENDING,12,S1A_IW_SLC__1SDV_20250411T121307_20250411T121334_058709_074561_54D5__S1A_IW_SLC__1SDV_20250423T121308_20250423T121335_058884_074C8A_241A,CANDIDATE
S1A_IW_SLC__1SDV_20250423T121308_20250423T121335_058884_074C8A_241A,S1A_IW_SLC__1SDV_20250505T121308_20250505T121335_059059_075384_2CCB,2025-04-23,2025-05-05,12.0,ASCENDING,12,S1A_IW_SLC__1SDV_20250423T121308_20250423T121335_058884_074C8A_241A__S1A_IW_SLC__1SDV_20250505T121308_20250505T121335_059059_075384_2CCB,CANDIDATE
S1A_IW_SLC__1SDV_20250423T121308_20250423T121335_058884_074C8A_241A,S1A_IW_SLC__1SDV_20250517T121307_20250517T121334_059234_0759B6_8411,2025-04-23,2025-05-17,24.0,ASCENDING,12,S1A_IW_SLC__1SDV_20250423T121308_20250423T121335_058884_074C8A_241A__S1A_IW_SLC__1SDV_20250517T121307_20250517T121334_059234_0759B6_8411,CANDIDATE
S1A_IW_SLC__1SDV_20250505T121308_20250505T121335_059059_075384_2CCB,S1A_IW_SLC__1SDV_20250517T121307_20250517T121334_059234_0759B6_8411,2025-05-05,2025-05-17,12.0,ASCENDING,12,S1A_IW_SLC__1SDV_20250505T121308_20250505T121335_059059_075384_2CCB__S1A_IW_SLC__1SDV_20250517T121307_20250517T121334_059234_0759B6_8411,CANDIDATE
S1A_IW_SLC__1SDV_20250505T121308_20250505T121335_059059_075384_2CCB,S1A_IW_SLC__1SDV_20250529T121307_20250529T121334_059409_075FCD_EC7E,2025-05-05,2025-05-29,24.0,ASCENDING,12,S1A_IW_SLC__1SDV_20250505T121308_20250505T121335_059059_075384_2CCB__S1A_IW_SLC__1SDV_20250529T121307_20250529T121334_059409_075FCD_EC7E,CANDIDATE
S1A_IW_SLC__1SDV_20250517T121307_20250517T121334_059234_0759B6_8411,S1A_IW_SLC__1SDV_20250529T121307_20250529T121334_059409_075FCD_EC7E,2025-05-17,2025-05-29,12.0,ASCENDING,12,S1A_IW_SLC__1SDV_20250517T121307_20250517T121334_059234_0759B6_8411__S1A_IW_SLC__1SDV_20250529T121307_20250529T121334_059409_075FCD_EC7E,CANDIDATE
S1A_IW_SLC__1SDV_20250517T121307_20250517T121334_059234_0759B6_8411,S1A_IW_SLC__1SDV_20250610T121306_20250610T121333_059584_0765C2_47C7,2025-05-17,2025-06-10,24.0,ASCENDING,12,S1A_IW_SLC__1SDV_20250517T121307_20250517T121334_059234_0759B6_8411__S1A_IW_SLC__1SDV_20250610T121306_20250610T121333_059584_0765C2_47C7,CANDIDATE
S1A_IW_SLC__1SDV_20250529T121307_20250529T121334_059409_075FCD_EC7E,S1A_IW_SLC__1SDV_20250610T121306_20250610T121333_059584_0765C2_47C7,2025-05-29,2025-06-10,12.0,ASCENDING,12,S1A_IW_SLC__1SDV_20250529T121307_20250529T121334_059409_075FCD_EC7E__S1A_IW_SLC__1SDV_20250610T121306_20250610T121333_059584_0765C2_47C7,CANDIDATE
S1A_IW_SLC__1SDV_20250529T121307_20250529T121334_059409_075FCD_EC7E,S1A_IW_SLC__1SDV_20250622T121306_20250622T121333_059759_076BCC_C660,2025-05-29,2025-06-22,24.0,ASCENDING,12,S1A_IW_SLC__1SDV_20250529T121307_20250529T121334_059409_075FCD_EC7E__S1A_IW_SLC__1SDV_20250622T121306_20250622T121333_059759_076BCC_C660,CANDIDATE
S1A_IW_SLC__1SDV_20250610T121306_20250610T121333_059584_0765C2_47C7,S1A_IW_SLC__1SDV_20250622T121306_20250622T121333_059759_076BCC_C660,2025-06-10,2025-06-22,12.0,ASCENDING,12,S1A_IW_SLC__1SDV_20250610T121306_20250610T121333_059584_0765C2_47C7__S1A_IW_SLC__1SDV_20250622T121306_20250622T121333_059759_076BCC_C660,CANDIDATE
S1A_IW_SLC__1SDV_20250610T121306_20250610T121333_059584_0765C2_47C7,S1A_IW_SLC__1SDV_20250704T121305_20250704T121332_059934_0771E8_4C74,2025-06-10,2025-07-04,24.0,ASCENDING,12,S1A_IW_SLC__1SDV_20250610T121306_20250610T121333_059584_0765C2_47C7__S1A_IW_SLC__1SDV_20250704T121305_20250704T121332_059934_0771E8_4C74,CANDIDATE
S1A_IW_SLC__1SDV_20250622T121306_20250622T121333_059759_076BCC_C660,S1A_IW_SLC__1SDV_20250716T121304_20250716T121331_060109_0777EA_58DD,2025-06-22,2025-07-16,24.0,ASCENDING,12,S1A_IW_SLC__1SDV_20250622T121306_20250622T121333_059759_076BCC_C660__S1A_IW_SLC__1SDV_20250716T121304_20250716T121331_060109_0777EA_58DD,CANDIDATE
S1A_IW_SLC__1SDV_20250704T121305_20250704T121332_059934_0771E8_4C74,S1A_IW_SLC__1SDV_20250716T121304_20250716T121331_060109_0777EA_58DD,2025-07-04,2025-07-16,12.0,ASCENDING,12,S1A_IW_SLC__1SDV_20250704T121305_20250704T121332_059934_0771E8_4C74__S1A_IW_SLC__1SDV_20250716T121304_20250716T121331_060109_0777EA_58DD,CANDIDATE
S1A_IW_SLC__1SDV_20250704T121305_20250704T121332_059934_0771E8_4C74,S1A_IW_SLC__1SDV_20250728T121304_20250728T121331_060284_077DEF_9EBF,2025-07-04,2025-07-28,24.0,ASCENDING,12,S1A_IW_SLC__1SDV_20250704T121305_20250704T121332_059934_0771E8_4C74__S1A_IW_SLC__1SDV_20250728T121304_20250728T121331_060284_077DEF_9EBF,CANDIDATE
S1A_IW_SLC__1SDV_20250716T121304_20250716T121331_060109_0777EA_58DD,S1A_IW_SLC__1SDV_20250728T121304_20250728T121331_060284_077DEF_9EBF,2025-07-16,2025-07-28,12.0,ASCENDING,12,S1A_IW_SLC__1SDV_20250716T121304_20250716T121331_060109_0777EA_58DD__S1A_IW_SLC__1SDV_20250728T121304_20250728T121331_060284_077DEF_9EBF,CANDIDATE
S1A_IW_SLC__1SDV_20250716T121304_20250716T121331_060109_0777EA_58DD,S1A_IW_SLC__1SDV_20250809T121304_20250809T121331_060459_078436_5E98,2025-07-16,2025-08-09,24.0,ASCENDING,12,S1A_IW_SLC__1SDV_20250716T121304_20250716T121331_060109_0777EA_58DD__S1A_IW_SLC__1SDV_20250809T121304_20250809T121331_060459_078436_5E98,CANDIDATE
S1A_IW_SLC__1SDV_20250728T121304_20250728T121331_060284_077DEF_9EBF,S1A_IW_SLC__1SDV_20250809T121304_20250809T121331_060459_078436_5E98,2025-07-28,2025-08-09,12.0,ASCENDING,12,S1A_IW_SLC__1SDV_20250728T121304_20250728T121331_060284_077DEF_9EBF__S1A_IW_SLC__1SDV_20250809T121304_20250809T121331_060459_078436_5E98,CANDIDATE
S1A_IW_SLC__1SDV_20250728T121304_20250728T121331_060284_077DEF_9EBF,S1A_IW_SLC__1SDV_20250821T121304_20250821T121331_060634_078B1A_AD6A,2025-07-28,2025-08-21,24.0,ASCENDING,12,S1A_IW_SLC__1SDV_20250728T121304_20250728T121331_060284_077DEF_9EBF__S1A_IW_SLC__1SDV_20250821T121304_20250821T121331_060634_078B1A_AD6A,CANDIDATE
S1A_IW_SLC__1SDV_20250809T121304_20250809T121331_060459_078436_5E98,S1A_IW_SLC__1SDV_20250821T121304_20250821T121331_060634_078B1A_AD6A,2025-08-09,2025-08-21,12.0,ASCENDING,12,S1A_IW_SLC__1SDV_20250809T121304_20250809T121331_060459_078436_5E98__S1A_IW_SLC__1SDV_20250821T121304_20250821T121331_060634_078B1A_AD6A,CANDIDATE
S1A_IW_SLC__1SDV_20250809T121304_20250809T121331_060459_078436_5E98,S1A_IW_SLC__1SDV_20250902T121304_20250902T121331_060809_079202_24DF,2025-08-09,2025-09-02,24.0,ASCENDING,12,S1A_IW_SLC__1SDV_20250809T121304_20250809T121331_060459_078436_5E98__S1A_IW_SLC__1SDV_20250902T121304_20250902T121331_060809_079202_24DF,CANDIDATE
S1A_IW_SLC__1SDV_20250821T121304_20250821T121331_060634_078B1A_AD6A,S1A_IW_SLC__1SDV_20250902T121304_20250902T121331_060809_079202_24DF,2025-08-21,2025-09-02,12.0,ASCENDING,12,S1A_IW_SLC__1SDV_20250821T121304_20250821T121331_060634_078B1A_AD6A__S1A_IW_SLC__1SDV_20250902T121304_20250902T121331_060809_079202_24DF,CANDIDATE
S1A_IW_SLC__1SDV_20250902T121304_20250902T121331_060809_079202_24DF,S1A_IW_SLC__1SDV_20250914T121305_20250914T121332_060984_079907_B3C5,2025-09-02,2025-09-14,12.0,ASCENDING,12,S1A_IW_SLC__1SDV_20250902T121304_20250902T121331_060809_079202_24DF__S1A_IW_SLC__1SDV_20250914T121305_20250914T121332_060984_079907_B3C5,CANDIDATE
S1A_IW_SLC__1SDV_20250914T121305_20250914T121332_060984_079907_B3C5,S1A_IW_SLC__1SDV_20250926T121305_20250926T121332_061159_07A00D_EA1B,2025-09-14,2025-09-26,12.0,ASCENDING,12,S1A_IW_SLC__1SDV_20250914T121305_20250914T121332_060984_079907_B3C5__S1A_IW_SLC__1SDV_20250926T121305_20250926T121332_061159_07A00D_EA1B,CANDIDATE
S1A_IW_SLC__1SDV_20250914T121305_20250914T121332_060984_079907_B3C5,S1A_IW_SLC__1SDV_20251008T121305_20251008T121332_061334_07A71B_1C68,2025-09-14,2025-10-08,24.0,ASCENDING,12,S1A_IW_SLC__1SDV_20250914T121305_20250914T121332_060984_079907_B3C5__S1A_IW_SLC__1SDV_20251008T121305_20251008T121332_061334_07A71B_1C68,CANDIDATE
S1A_IW_SLC__1SDV_20250926T121305_20250926T121332_061159_07A00D_EA1B,S1A_IW_SLC__1SDV_20251008T121305_20251008T121332_061334_07A71B_1C68,2025-09-26,2025-10-08,12.0,ASCENDING,12,S1A_IW_SLC__1SDV_20250926T121305_20250926T121332_061159_07A00D_EA1B__S1A_IW_SLC__1SDV_20251008T121305_20251008T121332_061334_07A71B_1C68,CANDIDATE
S1A_IW_SLC__1SDV_20250926T121305_20250926T121332_061159_07A00D_EA1B,S1A_IW_SLC__1SDV_20251020T121305_20251020T121332_061509_07AE20_FB9F,2025-09-26,2025-10-20,24.0,ASCENDING,12,S1A_IW_SLC__1SDV_20250926T121305_20250926T121332_061159_07A00D_EA1B__S1A_IW_SLC__1SDV_20251020T121305_20251020T121332_061509_07AE20_FB9F,CANDIDATE
S1A_IW_SLC__1SDV_20251008T121305_20251008T121332_061334_07A71B_1C68,S1A_IW_SLC__1SDV_20251020T121305_20251020T121332_061509_07AE20_FB9F,2025-10-08,2025-10-20,12.0,ASCENDING,12,S1A_IW_SLC__1SDV_20251008T121305_20251008T121332_061334_07A71B_1C68__S1A_IW_SLC__1SDV_20251020T121305_20251020T121332_061509_07AE20_FB9F,CANDIDATE
S1A_IW_SLC__1SDV_20251008T121305_20251008T121332_061334_07A71B_1C68,S1A_IW_SLC__1SDV_20251101T121305_20251101T121332_061684_07B527_F422,2025-10-08,2025-11-01,24.0,ASCENDING,12,S1A_IW_SLC__1SDV_20251008T121305_20251008T121332_061334_07A71B_1C68__S1A_IW_SLC__1SDV_20251101T121305_20251101T121332_061684_07B527_F422,CANDIDATE
S1A_IW_SLC__1SDV_20251020T121305_20251020T121332_061509_07AE20_FB9F,S1A_IW_SLC__1SDV_20251101T121305_20251101T121332_061684_07B527_F422,2025-10-20,2025-11-01,12.0,ASCENDING,12,S1A_IW_SLC__1SDV_20251020T121305_20251020T121332_061509_07AE20_FB9F__S1A_IW_SLC__1SDV_20251101T121305_20251101T121332_061684_07B527_F422,CANDIDATE
S1A_IW_SLC__1SDV_20251020T121305_20251020T121332_061509_07AE20_FB9F,S1A_IW_SLC__1SDV_20251113T121304_20251113T121331_061859_07BBE8_83FD,2025-10-20,2025-11-13,24.0,ASCENDING,12,S1A_IW_SLC__1SDV_20251020T121305_20251020T121332_061509_07AE20_FB9F__S1A_IW_SLC__1SDV_20251113T121304_20251113T121331_061859_07BBE8_83FD,CANDIDATE
S1A_IW_SLC__1SDV_20251101T121305_20251101T121332_061684_07B527_F422,S1A_IW_SLC__1SDV_20251113T121304_20251113T121331_061859_07BBE8_83FD,2025-11-01,2025-11-13,12.0,ASCENDING,12,S1A_IW_SLC__1SDV_20251101T121305_20251101T121332_061684_07B527_F422__S1A_IW_SLC__1SDV_20251113T121304_20251113T121331_061859_07BBE8_83FD,CANDIDATE
S1A_IW_SLC__1SDV_20251101T121305_20251101T121332_061684_07B527_F422,S1A_IW_SLC__1SDV_20251125T121303_20251125T121330_062034_07C2B8_6379,2025-11-01,2025-11-25,24.0,ASCENDING,12,S1A_IW_SLC__1SDV_20251101T121305_20251101T121332_061684_07B527_F422__S1A_IW_SLC__1SDV_20251125T121303_20251125T121330_062034_07C2B8_6379,CANDIDATE
S1A_IW_SLC__1SDV_20251113T121304_20251113T121331_061859_07BBE8_83FD,S1A_IW_SLC__1SDV_20251125T121303_20251125T121330_062034_07C2B8_6379,2025-11-13,2025-11-25,12.0,ASCENDING,12,S1A_IW_SLC__1SDV_20251113T121304_20251113T121331_061859_07BBE8_83FD__S1A_IW_SLC__1SDV_20251125T121303_20251125T121330_062034_07C2B8_6379,CANDIDATE
S1A_IW_SLC__1SDV_20251113T121304_20251113T121331_061859_07BBE8_83FD,S1A_IW_SLC__1SDV_20251207T121302_20251207T121329_062209_07C996_A414,2025-11-13,2025-12-07,24.0,ASCENDING,12,S1A_IW_SLC__1SDV_20251113T121304_20251113T121331_061859_07BBE8_83FD__S1A_IW_SLC__1SDV_20251207T121302_20251207T121329_062209_07C996_A414,CANDIDATE
S1A_IW_SLC__1SDV_20251125T121303_20251125T121330_062034_07C2B8_6379,S1A_IW_SLC__1SDV_20251207T121302_20251207T121329_062209_07C996_A414,2025-11-25,2025-12-07,12.0,ASCENDING,12,S1A_IW_SLC__1SDV_20251125T121303_20251125T121330_062034_07C2B8_6379__S1A_IW_SLC__1SDV_20251207T121302_20251207T121329_062209_07C996_A414,CANDIDATE
S1A_IW_SLC__1SDV_20251125T121303_20251125T121330_062034_07C2B8_6379,S1A_IW_SLC__1SDV_20251219T121301_20251219T121328_062384_07D068_51F4,2025-11-25,2025-12-19,24.0,ASCENDING,12,S1A_IW_SLC__1SDV_20251125T121303_20251125T121330_062034_07C2B8_6379__S1A_IW_SLC__1SDV_20251219T121301_20251219T121328_062384_07D068_51F4,CANDIDATE
S1A_IW_SLC__1SDV_20251207T121302_20251207T121329_062209_07C996_A414,S1A_IW_SLC__1SDV_20251219T121301_20251219T121328_062384_07D068_51F4,2025-12-07,2025-12-19,12.0,ASCENDING,12,S1A_IW_SLC__1SDV_20251207T121302_20251207T121329_062209_07C996_A414__S1A_IW_SLC__1SDV_20251219T121301_20251219T121328_062384_07D068_51F4,CANDIDATE
S1A_IW_SLC__1SDV_20251207T121302_20251207T121329_062209_07C996_A414,S1A_IW_SLC__1SDV_20251231T121300_20251231T121327_062559_07D726_A3F4,2025-12-07,2025-12-31,24.0,ASCENDING,12,S1A_IW_SLC__1SDV_20251207T121302_20251207T121329_062209_07C996_A414__S1A_IW_SLC__1SDV_20251231T121300_20251231T121327_062559_07D726_A3F4,CANDIDATE
S1A_IW_SLC__1SDV_20251219T121301_20251219T121328_062384_07D068_51F4,S1A_IW_SLC__1SDV_20251231T121300_20251231T121327_062559_07D726_A3F4,2025-12-19,2025-12-31,12.0,ASCENDING,12,S1A_IW_SLC__1SDV_20251219T121301_20251219T121328_062384_07D068_51F4__S1A_IW_SLC__1SDV_20251231T121300_20251231T121327_062559_07D726_A3F4,CANDIDATE
S1A_IW_SLC__1SDV_20251219T121301_20251219T121328_062384_07D068_51F4,S1A_IW_SLC__1SDV_20260112T121259_20260112T121326_062734_07DDE0_D868,2025-12-19,2026-01-12,24.0,ASCENDING,12,S1A_IW_SLC__1SDV_20251219T121301_20251219T121328_062384_07D068_51F4__S1A_IW_SLC__1SDV_20260112T121259_20260112T121326_062734_07DDE0_D868,CANDIDATE
S1A_IW_SLC__1SDV_20251231T121300_20251231T121327_062559_07D726_A3F4,S1A_IW_SLC__1SDV_20260112T121259_20260112T121326_062734_07DDE0_D868,2025-12-31,2026-01-12,12.0,ASCENDING,12,S1A_IW_SLC__1SDV_20251231T121300_20251231T121327_062559_07D726_A3F4__S1A_IW_SLC__1SDV_20260112T121259_20260112T121326_062734_07DDE0_D868,CANDIDATE
S1A_IW_SLC__1SDV_20251231T121300_20251231T121327_062559_07D726_A3F4,S1A_IW_SLC__1SDV_20260124T121257_20260124T121324_062909_07E438_288B,2025-12-31,2026-01-24,24.0,ASCENDING,12,S1A_IW_SLC__1SDV_20251231T121300_20251231T121327_062559_07D726_A3F4__S1A_IW_SLC__1SDV_20260124T121257_20260124T121324_062909_07E438_288B,CANDIDATE
S1A_IW_SLC__1SDV_20260112T121259_20260112T121326_062734_07DDE0_D868,S1A_IW_SLC__1SDV_20260124T121257_20260124T121324_062909_07E438_288B,2026-01-12,2026-01-24,12.0,ASCENDING,12,S1A_IW_SLC__1SDV_20260112T121259_20260112T121326_062734_07DDE0_D868__S1A_IW_SLC__1SDV_20260124T121257_20260124T121324_062909_07E438_288B,CANDIDATE
S1A_IW_SLC__1SDV_20260112T121259_20260112T121326_062734_07DDE0_D868,S1A_IW_SLC__1SDV_20260205T121257_20260205T121324_063084_07EAD6_5586,2026-01-12,2026-02-05,24.0,ASCENDING,12,S1A_IW_SLC__1SDV_20260112T121259_20260112T121326_062734_07DDE0_D868__S1A_IW_SLC__1SDV_20260205T121257_20260205T121324_063084_07EAD6_5586,CANDIDATE
S1A_IW_SLC__1SDV_20260124T121257_20260124T121324_062909_07E438_288B,S1A_IW_SLC__1SDV_20260205T121257_20260205T121324_063084_07EAD6_5586,2026-01-24,2026-02-05,12.0,ASCENDING,12,S1A_IW_SLC__1SDV_20260124T121257_20260124T121324_062909_07E438_288B__S1A_IW_SLC__1SDV_20260205T121257_20260205T121324_063084_07EAD6_5586,CANDIDATE
S1A_IW_SLC__1SDV_20260124T121257_20260124T121324_062909_07E438_288B,S1A_IW_SLC__1SDV_20260217T121256_20260217T121323_063259_07F15D_B73A,2026-01-24,2026-02-17,24.0,ASCENDING,12,S1A_IW_SLC__1SDV_20260124T121257_20260124T121324_062909_07E438_288B__S1A_IW_SLC__1SDV_20260217T121256_20260217T121323_063259_07F15D_B73A,CANDIDATE
S1A_IW_SLC__1SDV_20260205T121257_20260205T121324_063084_07EAD6_5586,S1A_IW_SLC__1SDV_20260217T121256_20260217T121323_063259_07F15D_B73A,2026-02-05,2026-02-17,12.0,ASCENDING,12,S1A_IW_SLC__1SDV_20260205T121257_20260205T121324_063084_07EAD6_5586__S1A_IW_SLC__1SDV_20260217T121256_20260217T121323_063259_07F15D_B73A,CANDIDATE
S1A_IW_SLC__1SDV_20260205T121257_20260205T121324_063084_07EAD6_5586,S1A_IW_SLC__1SDV_20260301T121256_20260301T121323_063434_07F810_D243,2026-02-05,2026-03-01,24.0,ASCENDING,12,S1A_IW_SLC__1SDV_20260205T121257_20260205T121324_063084_07EAD6_5586__S1A_IW_SLC__1SDV_20260301T121256_20260301T121323_063434_07F810_D243,CANDIDATE
S1A_IW_SLC__1SDV_20260217T121256_20260217T121323_063259_07F15D_B73A,S1A_IW_SLC__1SDV_20260301T121256_20260301T121323_063434_07F810_D243,2026-02-17,2026-03-01,12.0,ASCENDING,12,S1A_IW_SLC__1SDV_20260217T121256_20260217T121323_063259_07F15D_B73A__S1A_IW_SLC__1SDV_20260301T121256_20260301T121323_063434_07F810_D243,CANDIDATE
S1A_IW_SLC__1SDV_20260217T121256_20260217T121323_063259_07F15D_B73A,S1A_IW_SLC__1SDV_20260313T121256_20260313T121323_063609_07FEB1_07E5,2026-02-17,2026-03-13,24.0,ASCENDING,12,S1A_IW_SLC__1SDV_20260217T121256_20260217T121323_063259_07F15D_B73A__S1A_IW_SLC__1SDV_20260313T121256_20260313T121323_063609_07FEB1_07E5,CANDIDATE
S1A_IW_SLC__1SDV_20260301T121256_20260301T121323_063434_07F810_D243,S1A_IW_SLC__1SDV_20260313T121256_20260313T121323_063609_07FEB1_07E5,2026-03-01,2026-03-13,12.0,ASCENDING,12,S1A_IW_SLC__1SDV_20260301T121256_20260301T121323_063434_07F810_D243__S1A_IW_SLC__1SDV_20260313T121256_20260313T121323_063609_07FEB1_07E5,CANDIDATE
S1A_IW_SLC__1SDV_20260301T121256_20260301T121323_063434_07F810_D243,S1A_IW_SLC__1SDV_20260325T121256_20260325T121323_063784_080538_17AA,2026-03-01,2026-03-25,24.0,ASCENDING,12,S1A_IW_SLC__1SDV_20260301T121256_20260301T121323_063434_07F810_D243__S1A_IW_SLC__1SDV_20260325T121256_20260325T121323_063784_080538_17AA,CANDIDATE
S1A_IW_SLC__1SDV_20260313T121256_20260313T121323_063609_07FEB1_07E5,S1A_IW_SLC__1SDV_20260325T121256_20260325T121323_063784_080538_17AA,2026-03-13,2026-03-25,12.0,ASCENDING,12,S1A_IW_SLC__1SDV_20260313T121256_20260313T121323_063609_07FEB1_07E5__S1A_IW_SLC__1SDV_20260325T121256_20260325T121323_063784_080538_17AA,CANDIDATE
S1A_IW_SLC__1SDV_20260313T121256_20260313T121323_063609_07FEB1_07E5,S1A_IW_SLC__1SDV_20260406T121256_20260406T121323_063959_080BBB_4A2A,2026-03-13,2026-04-06,24.0,ASCENDING,12,S1A_IW_SLC__1SDV_20260313T121256_20260313T121323_063609_07FEB1_07E5__S1A_IW_SLC__1SDV_20260406T121256_20260406T121323_063959_080BBB_4A2A,CANDIDATE
S1A_IW_SLC__1SDV_20260325T121256_20260325T121323_063784_080538_17AA,S1A_IW_SLC__1SDV_20260406T121256_20260406T121323_063959_080BBB_4A2A,2026-03-25,2026-04-06,12.0,ASCENDING,12,S1A_IW_SLC__1SDV_20260325T121256_20260325T121323_063784_080538_17AA__S1A_IW_SLC__1SDV_20260406T121256_20260406T121323_063959_080BBB_4A2A,CANDIDATE
S1A_IW_SLC__1SDV_20260325T121256_20260325T121323_063784_080538_17AA,S1A_IW_SLC__1SDV_20260418T121256_20260418T121323_064134_08124B_9AF9,2026-03-25,2026-04-18,24.0,ASCENDING,12,S1A_IW_SLC__1SDV_20260325T121256_20260325T121323_063784_080538_17AA__S1A_IW_SLC__1SDV_20260418T121256_20260418T121323_064134_08124B_9AF9,CANDIDATE
S1A_IW_SLC__1SDV_20260406T121256_20260406T121323_063959_080BBB_4A2A,S1A_IW_SLC__1SDV_20260418T121256_20260418T121323_064134_08124B_9AF9,2026-04-06,2026-04-18,12.0,ASCENDING,12,S1A_IW_SLC__1SDV_20260406T121256_20260406T121323_063959_080BBB_4A2A__S1A_IW_SLC__1SDV_20260418T121256_20260418T121323_064134_08124B_9AF9,CANDIDATE
S1A_IW_SLC__1SDV_20260406T121256_20260406T121323_063959_080BBB_4A2A,S1A_IW_SLC__1SDV_20260430T121236_20260430T121304_064309_0818CD_9E64,2026-04-06,2026-04-30,24.0,ASCENDING,12,S1A_IW_SLC__1SDV_20260406T121256_20260406T121323_063959_080BBB_4A2A__S1A_IW_SLC__1SDV_20260430T121236_20260430T121304_064309_0818CD_9E64,CANDIDATE
S1A_IW_SLC__1SDV_20260418T121256_20260418T121323_064134_08124B_9AF9,S1A_IW_SLC__1SDV_20260430T121236_20260430T121304_064309_0818CD_9E64,2026-04-18,2026-04-30,12.0,ASCENDING,12,S1A_IW_SLC__1SDV_20260418T121256_20260418T121323_064134_08124B_9AF9__S1A_IW_SLC__1SDV_20260430T121236_20260430T121304_064309_0818CD_9E64,CANDIDATE
S1A_IW_SLC__1SDV_20260418T121256_20260418T121323_064134_08124B_9AF9,S1A_IW_SLC__1SDV_20260512T121236_20260512T121303_064484_081F1E_A292,2026-04-18,2026-05-12,24.0,ASCENDING,12,S1A_IW_SLC__1SDV_20260418T121256_20260418T121323_064134_08124B_9AF9__S1A_IW_SLC__1SDV_20260512T121236_20260512T121303_064484_081F1E_A292,CANDIDATE
S1A_IW_SLC__1SDV_20260430T121236_20260430T121304_064309_0818CD_9E64,S1A_IW_SLC__1SDV_20260512T121236_20260512T121303_064484_081F1E_A292,2026-04-30,2026-05-12,12.0,ASCENDING,12,S1A_IW_SLC__1SDV_20260430T121236_20260430T121304_064309_0818CD_9E64__S1A_IW_SLC__1SDV_20260512T121236_20260512T121303_064484_081F1E_A292,CANDIDATE
S1A_IW_SLC__1SDV_20260430T121236_20260430T121304_064309_0818CD_9E64,S1A_IW_SLC__1SDV_20260524T121235_20260524T121303_064659_082534_3DA2,2026-04-30,2026-05-24,24.0,ASCENDING,12,S1A_IW_SLC__1SDV_20260430T121236_20260430T121304_064309_0818CD_9E64__S1A_IW_SLC__1SDV_20260524T121235_20260524T121303_064659_082534_3DA2,CANDIDATE
S1A_IW_SLC__1SDV_20260512T121236_20260512T121303_064484_081F1E_A292,S1A_IW_SLC__1SDV_20260524T121235_20260524T121303_064659_082534_3DA2,2026-05-12,2026-05-24,12.0,ASCENDING,12,S1A_IW_SLC__1SDV_20260512T121236_20260512T121303_064484_081F1E_A292__S1A_IW_SLC__1SDV_20260524T121235_20260524T121303_064659_082534_3DA2,CANDIDATE
S1A_IW_SLC__1SDV_20260512T121236_20260512T121303_064484_081F1E_A292,S1A_IW_SLC__1SDV_20260605T121234_20260605T121302_064834_082B60_8502,2026-05-12,2026-06-05,24.0,ASCENDING,12,S1A_IW_SLC__1SDV_20260512T121236_20260512T121303_064484_081F1E_A292__S1A_IW_SLC__1SDV_20260605T121234_20260605T121302_064834_082B60_8502,CANDIDATE
S1A_IW_SLC__1SDV_20260524T121235_20260524T121303_064659_082534_3DA2,S1A_IW_SLC__1SDV_20260605T121234_20260605T121302_064834_082B60_8502,2026-05-24,2026-06-05,12.0,ASCENDING,12,S1A_IW_SLC__1SDV_20260524T121235_20260524T121303_064659_082534_3DA2__S1A_IW_SLC__1SDV_20260605T121234_20260605T121302_064834_082B60_8502,CANDIDATE
S1A_IW_SLC__1SDV_20260524T121235_20260524T121303_064659_082534_3DA2,S1A_IW_SLC__1SDV_20260617T121234_20260617T121302_065009_083173_20E3,2026-05-24,2026-06-17,24.0,ASCENDING,12,S1A_IW_SLC__1SDV_20260524T121235_20260524T121303_064659_082534_3DA2__S1A_IW_SLC__1SDV_20260617T121234_20260617T121302_065009_083173_20E3,CANDIDATE
S1A_IW_SLC__1SDV_20260605T121234_20260605T121302_064834_082B60_8502,S1A_IW_SLC__1SDV_20260617T121234_20260617T121302_065009_083173_20E3,2026-06-05,2026-06-17,12.0,ASCENDING,12,S1A_IW_SLC__1SDV_20260605T121234_20260605T121302_064834_082B60_8502__S1A_IW_SLC__1SDV_20260617T121234_20260617T121302_065009_083173_20E3,CANDIDATE
S1A_IW_SLC__1SDV_20260605T121234_20260605T121302_064834_082B60_8502,S1A_IW_SLC__1SDV_20260629T121233_20260629T121301_065184_08379D_D76F,2026-06-05,2026-06-29,24.0,ASCENDING,12,S1A_IW_SLC__1SDV_20260605T121234_20260605T121302_064834_082B60_8502__S1A_IW_SLC__1SDV_20260629T121233_20260629T121301_065184_08379D_D76F,CANDIDATE
S1A_IW_SLC__1SDV_20260617T121234_20260617T121302_065009_083173_20E3,S1A_IW_SLC__1SDV_20260629T121233_20260629T121301_065184_08379D_D76F,2026-06-17,2026-06-29,12.0,ASCENDING,12,S1A_IW_SLC__1SDV_20260617T121234_20260617T121302_065009_083173_20E3__S1A_IW_SLC__1SDV_20260629T121233_20260629T121301_065184_08379D_D76F,CANDIDATE
S1A_IW_SLC__1SDV_20260617T121234_20260617T121302_065009_083173_20E3,S1D_IW_SLC__1SDV_20260706T121154_20260706T121221_003553_0064F5_743C,2026-06-17,2026-07-06,19.0,ASCENDING,12,S1A_IW_SLC__1SDV_20260617T121234_20260617T121302_065009_083173_20E3__S1D_IW_SLC__1SDV_20260706T121154_20260706T121221_003553_0064F5_743C,CANDIDATE
S1A_IW_SLC__1SDV_20260629T121233_20260629T121301_065184_08379D_D76F,S1D_IW_SLC__1SDV_20260706T121154_20260706T121221_003553_0064F5_743C,2026-06-29,2026-07-06,7.0,ASCENDING,12,S1A_IW_SLC__1SDV_20260629T121233_20260629T121301_065184_08379D_D76F__S1D_IW_SLC__1SDV_20260706T121154_20260706T121221_003553_0064F5_743C,CANDIDATE
S1A_IW_SLC__1SDV_20260629T121233_20260629T121301_065184_08379D_D76F,S1D_IW_SLC__1SDV_20260718T121155_20260718T121222_003728_006AE8_1516,2026-06-29,2026-07-18,19.0,ASCENDING,12,S1A_IW_SLC__1SDV_20260629T121233_20260629T121301_065184_08379D_D76F__S1D_IW_SLC__1SDV_20260718T121155_20260718T121222_003728_006AE8_1516,CANDIDATE
S1D_IW_SLC__1SDV_20260706T121154_20260706T121221_003553_0064F5_743C,S1D_IW_SLC__1SDV_20260718T121155_20260718T121222_003728_006AE8_1516,2026-07-06,2026-07-18,12.0,ASCENDING,12,S1D_IW_SLC__1SDV_20260706T121154_20260706T121221_003553_0064F5_743C__S1D_IW_SLC__1SDV_20260718T121155_20260718T121222_003728_006AE8_1516,CANDIDATE
S1D_IW_SLC__1SDV_20260718T121155_20260718T121222_003728_006AE8_1516,S1D_IW_SLC__1SDV_20260730T121156_20260730T121223_003903_0070EA_02E4,2026-07-18,2026-07-30,12.0,ASCENDING,12,S1D_IW_SLC__1SDV_20260718T121155_20260718T121222_003728_006AE8_1516__S1D_IW_SLC__1SDV_20260730T121156_20260730T121223_003903_0070EA_02E4,CANDIDATE
S1D_IW_SLC__1SDV_20260730T121156_20260730T121223_003903_0070EA_02E4,S1D_IW_SLC__1SDV_20260811T121156_20260811T121223_004078_0076F9_F6E7,2026-07-30,2026-08-11,12.0,ASCENDING,12,S1D_IW_SLC__1SDV_20260730T121156_20260730T121223_003903_0070EA_02E4__S1D_IW_SLC__1SDV_20260811T121156_20260811T121223_004078_0076F9_F6E7,CANDIDATE
S1D_IW_SLC__1SDV_20260811T121156_20260811T121223_004078_0076F9_F6E7,S1D_IW_SLC__1SDV_20260823T121157_20260823T121224_004253_007D19_B4AF,2026-08-11,2026-08-23,12.0,ASCENDING,12,S1D_IW_SLC__1SDV_20260811T121156_20260811T121223_004078_0076F9_F6E7__S1D_IW_SLC__1SDV_20260823T121157_20260823T121224_004253_007D19_B4AF,CANDIDATE
S1D_IW_SLC__1SDV_20260823T121157_20260823T121224_004253_007D19_B4AF,S1D_IW_SLC__1SDV_20260904T121157_20260904T121224_004428_00833E_1D60,2026-08-23,2026-09-04,12.0,ASCENDING,12,S1D_IW_SLC__1SDV_20260823T121157_20260823T121224_004253_007D19_B4AF__S1D_IW_SLC__1SDV_20260904T121157_20260904T121224_004428_00833E_1D60,CANDIDATE
S1A_IW_SLC__1SDV_20240104T122122_20240104T122149_051957_06471E_AAC9,S1A_IW_SLC__1SDV_20240116T122121_20240116T122148_052132_064D1E_56EB,2024-01-04,2024-01-16,12.0,ASCENDING,85,S1A_IW_SLC__1SDV_20240104T122122_20240104T122149_051957_06471E_AAC9__S1A_IW_SLC__1SDV_20240116T122121_20240116T122148_052132_064D1E_56EB,CANDIDATE
S1A_IW_SLC__1SDV_20240104T122122_20240104T122149_051957_06471E_AAC9,S1A_IW_SLC__1SDV_20240128T122121_20240128T122148_052307_065302_03B1,2024-01-04,2024-01-28,24.0,ASCENDING,85,S1A_IW_SLC__1SDV_20240104T122122_20240104T122149_051957_06471E_AAC9__S1A_IW_SLC__1SDV_20240128T122121_20240128T122148_052307_065302_03B1,CANDIDATE
S1A_IW_SLC__1SDV_20240116T122121_20240116T122148_052132_064D1E_56EB,S1A_IW_SLC__1SDV_20240128T122121_20240128T122148_052307_065302_03B1,2024-01-16,2024-01-28,12.0,ASCENDING,85,S1A_IW_SLC__1SDV_20240116T122121_20240116T122148_052132_064D1E_56EB__S1A_IW_SLC__1SDV_20240128T122121_20240128T122148_052307_065302_03B1,CANDIDATE
S1A_IW_SLC__1SDV_20240116T122121_20240116T122148_052132_064D1E_56EB,S1A_IW_SLC__1SDV_20240209T122120_20240209T122147_052482_0658EB_E079,2024-01-16,2024-02-09,24.0,ASCENDING,85,S1A_IW_SLC__1SDV_20240116T122121_20240116T122148_052132_064D1E_56EB__S1A_IW_SLC__1SDV_20240209T122120_20240209T122147_052482_0658EB_E079,CANDIDATE
S1A_IW_SLC__1SDV_20240128T122121_20240128T122148_052307_065302_03B1,S1A_IW_SLC__1SDV_20240209T122120_20240209T122147_052482_0658EB_E079,2024-01-28,2024-02-09,12.0,ASCENDING,85,S1A_IW_SLC__1SDV_20240128T122121_20240128T122148_052307_065302_03B1__S1A_IW_SLC__1SDV_20240209T122120_20240209T122147_052482_0658EB_E079,CANDIDATE
S1A_IW_SLC__1SDV_20240128T122121_20240128T122148_052307_065302_03B1,S1A_IW_SLC__1SDV_20240221T122120_20240221T122147_052657_065ED6_4DB2,2024-01-28,2024-02-21,24.0,ASCENDING,85,S1A_IW_SLC__1SDV_20240128T122121_20240128T122148_052307_065302_03B1__S1A_IW_SLC__1SDV_20240221T122120_20240221T122147_052657_065ED6_4DB2,CANDIDATE
S1A_IW_SLC__1SDV_20240209T122120_20240209T122147_052482_0658EB_E079,S1A_IW_SLC__1SDV_20240221T122120_20240221T122147_052657_065ED6_4DB2,2024-02-09,2024-02-21,12.0,ASCENDING,85,S1A_IW_SLC__1SDV_20240209T122120_20240209T122147_052482_0658EB_E079__S1A_IW_SLC__1SDV_20240221T122120_20240221T122147_052657_065ED6_4DB2,CANDIDATE
S1A_IW_SLC__1SDV_20240209T122120_20240209T122147_052482_0658EB_E079,S1A_IW_SLC__1SDV_20240304T122120_20240304T122147_052832_0664CA_30C3,2024-02-09,2024-03-04,24.0,ASCENDING,85,S1A_IW_SLC__1SDV_20240209T122120_20240209T122147_052482_0658EB_E079__S1A_IW_SLC__1SDV_20240304T122120_20240304T122147_052832_0664CA_30C3,CANDIDATE
S1A_IW_SLC__1SDV_20240221T122120_20240221T122147_052657_065ED6_4DB2,S1A_IW_SLC__1SDV_20240304T122120_20240304T122147_052832_0664CA_30C3,2024-02-21,2024-03-04,12.0,ASCENDING,85,S1A_IW_SLC__1SDV_20240221T122120_20240221T122147_052657_065ED6_4DB2__S1A_IW_SLC__1SDV_20240304T122120_20240304T122147_052832_0664CA_30C3,CANDIDATE
S1A_IW_SLC__1SDV_20240221T122120_20240221T122147_052657_065ED6_4DB2,S1A_IW_SLC__1SDV_20240316T122120_20240316T122147_053007_066ADC_2E0C,2024-02-21,2024-03-16,24.0,ASCENDING,85,S1A_IW_SLC__1SDV_20240221T122120_20240221T122147_052657_065ED6_4DB2__S1A_IW_SLC__1SDV_20240316T122120_20240316T122147_053007_066ADC_2E0C,CANDIDATE
S1A_IW_SLC__1SDV_20240304T122120_20240304T122147_052832_0664CA_30C3,S1A_IW_SLC__1SDV_20240316T122120_20240316T122147_053007_066ADC_2E0C,2024-03-04,2024-03-16,12.0,ASCENDING,85,S1A_IW_SLC__1SDV_20240304T122120_20240304T122147_052832_0664CA_30C3__S1A_IW_SLC__1SDV_20240316T122120_20240316T122147_053007_066ADC_2E0C,CANDIDATE
S1A_IW_SLC__1SDV_20240316T122120_20240316T122147_053007_066ADC_2E0C,S1A_IW_SLC__1SDV_20240328T122121_20240328T122148_053182_067190_98AA,2024-03-16,2024-03-28,12.0,ASCENDING,85,S1A_IW_SLC__1SDV_20240316T122120_20240316T122147_053007_066ADC_2E0C__S1A_IW_SLC__1SDV_20240328T122121_20240328T122148_053182_067190_98AA,CANDIDATE
S1A_IW_SLC__1SDV_20240328T122121_20240328T122148_053182_067190_98AA,S1A_IW_SLC__1SDV_20240421T122121_20240421T122148_053532_067F4A_881C,2024-03-28,2024-04-21,24.0,ASCENDING,85,S1A_IW_SLC__1SDV_20240328T122121_20240328T122148_053182_067190_98AA__S1A_IW_SLC__1SDV_20240421T122121_20240421T122148_053532_067F4A_881C,CANDIDATE
S1A_IW_SLC__1SDV_20240421T122121_20240421T122148_053532_067F4A_881C,S1A_IW_SLC__1SDV_20240503T122122_20240503T122149_053707_06862C_E741,2024-04-21,2024-05-03,12.0,ASCENDING,85,S1A_IW_SLC__1SDV_20240421T122121_20240421T122148_053532_067F4A_881C__S1A_IW_SLC__1SDV_20240503T122122_20240503T122149_053707_06862C_E741,CANDIDATE
S1A_IW_SLC__1SDV_20240421T122121_20240421T122148_053532_067F4A_881C,S1A_IW_SLC__1SDV_20240515T122121_20240515T122148_053882_068C7D_ECA7,2024-04-21,2024-05-15,24.0,ASCENDING,85,S1A_IW_SLC__1SDV_20240421T122121_20240421T122148_053532_067F4A_881C__S1A_IW_SLC__1SDV_20240515T122121_20240515T122148_053882_068C7D_ECA7,CANDIDATE
S1A_IW_SLC__1SDV_20240503T122122_20240503T122149_053707_06862C_E741,S1A_IW_SLC__1SDV_20240515T122121_20240515T122148_053882_068C7D_ECA7,2024-05-03,2024-05-15,12.0,ASCENDING,85,S1A_IW_SLC__1SDV_20240503T122122_20240503T122149_053707_06862C_E741__S1A_IW_SLC__1SDV_20240515T122121_20240515T122148_053882_068C7D_ECA7,CANDIDATE
S1A_IW_SLC__1SDV_20240503T122122_20240503T122149_053707_06862C_E741,S1A_IW_SLC__1SDV_20240527T122122_20240527T122149_054057_069293_5FD5,2024-05-03,2024-05-27,24.0,ASCENDING,85,S1A_IW_SLC__1SDV_20240503T122122_20240503T122149_053707_06862C_E741__S1A_IW_SLC__1SDV_20240527T122122_20240527T122149_054057_069293_5FD5,CANDIDATE
S1A_IW_SLC__1SDV_20240515T122121_20240515T122148_053882_068C7D_ECA7,S1A_IW_SLC__1SDV_20240527T122122_20240527T122149_054057_069293_5FD5,2024-05-15,2024-05-27,12.0,ASCENDING,85,S1A_IW_SLC__1SDV_20240515T122121_20240515T122148_053882_068C7D_ECA7__S1A_IW_SLC__1SDV_20240527T122122_20240527T122149_054057_069293_5FD5,CANDIDATE
S1A_IW_SLC__1SDV_20240515T122121_20240515T122148_053882_068C7D_ECA7,S1A_IW_SLC__1SDV_20240608T122121_20240608T122148_054232_0698A1_8F0E,2024-05-15,2024-06-08,24.0,ASCENDING,85,S1A_IW_SLC__1SDV_20240515T122121_20240515T122148_053882_068C7D_ECA7__S1A_IW_SLC__1SDV_20240608T122121_20240608T122148_054232_0698A1_8F0E,CANDIDATE
S1A_IW_SLC__1SDV_20240527T122122_20240527T122149_054057_069293_5FD5,S1A_IW_SLC__1SDV_20240608T122121_20240608T122148_054232_0698A1_8F0E,2024-05-27,2024-06-08,12.0,ASCENDING,85,S1A_IW_SLC__1SDV_20240527T122122_20240527T122149_054057_069293_5FD5__S1A_IW_SLC__1SDV_20240608T122121_20240608T122148_054232_0698A1_8F0E,CANDIDATE
S1A_IW_SLC__1SDV_20240527T122122_20240527T122149_054057_069293_5FD5,S1A_IW_SLC__1SDV_20240620T122120_20240620T122147_054407_069EAF_4534,2024-05-27,2024-06-20,24.0,ASCENDING,85,S1A_IW_SLC__1SDV_20240527T122122_20240527T122149_054057_069293_5FD5__S1A_IW_SLC__1SDV_20240620T122120_20240620T122147_054407_069EAF_4534,CANDIDATE
S1A_IW_SLC__1SDV_20240608T122121_20240608T122148_054232_0698A1_8F0E,S1A_IW_SLC__1SDV_20240620T122120_20240620T122147_054407_069EAF_4534,2024-06-08,2024-06-20,12.0,ASCENDING,85,S1A_IW_SLC__1SDV_20240608T122121_20240608T122148_054232_0698A1_8F0E__S1A_IW_SLC__1SDV_20240620T122120_20240620T122147_054407_069EAF_4534,CANDIDATE
S1A_IW_SLC__1SDV_20240608T122121_20240608T122148_054232_0698A1_8F0E,S1A_IW_SLC__1SDV_20240702T122120_20240702T122147_054582_06A4C6_37E3,2024-06-08,2024-07-02,24.0,ASCENDING,85,S1A_IW_SLC__1SDV_20240608T122121_20240608T122148_054232_0698A1_8F0E__S1A_IW_SLC__1SDV_20240702T122120_20240702T122147_054582_06A4C6_37E3,CANDIDATE
S1A_IW_SLC__1SDV_20240620T122120_20240620T122147_054407_069EAF_4534,S1A_IW_SLC__1SDV_20240702T122120_20240702T122147_054582_06A4C6_37E3,2024-06-20,2024-07-02,12.0,ASCENDING,85,S1A_IW_SLC__1SDV_20240620T122120_20240620T122147_054407_069EAF_4534__S1A_IW_SLC__1SDV_20240702T122120_20240702T122147_054582_06A4C6_37E3,CANDIDATE
S1A_IW_SLC__1SDV_20240620T122120_20240620T122147_054407_069EAF_4534,S1A_IW_SLC__1SDV_20240714T122119_20240714T122146_054757_06AAD3_E4E6,2024-06-20,2024-07-14,24.0,ASCENDING,85,S1A_IW_SLC__1SDV_20240620T122120_20240620T122147_054407_069EAF_4534__S1A_IW_SLC__1SDV_20240714T122119_20240714T122146_054757_06AAD3_E4E6,CANDIDATE
S1A_IW_SLC__1SDV_20240702T122120_20240702T122147_054582_06A4C6_37E3,S1A_IW_SLC__1SDV_20240714T122119_20240714T122146_054757_06AAD3_E4E6,2024-07-02,2024-07-14,12.0,ASCENDING,85,S1A_IW_SLC__1SDV_20240702T122120_20240702T122147_054582_06A4C6_37E3__S1A_IW_SLC__1SDV_20240714T122119_20240714T122146_054757_06AAD3_E4E6,CANDIDATE
S1A_IW_SLC__1SDV_20240702T122120_20240702T122147_054582_06A4C6_37E3,S1A_IW_SLC__1SDV_20240726T122119_20240726T122146_054932_06B0EA_2876,2024-07-02,2024-07-26,24.0,ASCENDING,85,S1A_IW_SLC__1SDV_20240702T122120_20240702T122147_054582_06A4C6_37E3__S1A_IW_SLC__1SDV_20240726T122119_20240726T122146_054932_06B0EA_2876,CANDIDATE
S1A_IW_SLC__1SDV_20240714T122119_20240714T122146_054757_06AAD3_E4E6,S1A_IW_SLC__1SDV_20240726T122119_20240726T122146_054932_06B0EA_2876,2024-07-14,2024-07-26,12.0,ASCENDING,85,S1A_IW_SLC__1SDV_20240714T122119_20240714T122146_054757_06AAD3_E4E6__S1A_IW_SLC__1SDV_20240726T122119_20240726T122146_054932_06B0EA_2876,CANDIDATE
S1A_IW_SLC__1SDV_20240714T122119_20240714T122146_054757_06AAD3_E4E6,S1A_IW_SLC__1SDV_20240807T122119_20240807T122146_055107_06B6FA_8876,2024-07-14,2024-08-07,24.0,ASCENDING,85,S1A_IW_SLC__1SDV_20240714T122119_20240714T122146_054757_06AAD3_E4E6__S1A_IW_SLC__1SDV_20240807T122119_20240807T122146_055107_06B6FA_8876,CANDIDATE
S1A_IW_SLC__1SDV_20240726T122119_20240726T122146_054932_06B0EA_2876,S1A_IW_SLC__1SDV_20240807T122119_20240807T122146_055107_06B6FA_8876,2024-07-26,2024-08-07,12.0,ASCENDING,85,S1A_IW_SLC__1SDV_20240726T122119_20240726T122146_054932_06B0EA_2876__S1A_IW_SLC__1SDV_20240807T122119_20240807T122146_055107_06B6FA_8876,CANDIDATE
S1A_IW_SLC__1SDV_20240726T122119_20240726T122146_054932_06B0EA_2876,S1A_IW_SLC__1SDV_20240819T122119_20240819T122146_055282_06BD59_4806,2024-07-26,2024-08-19,24.0,ASCENDING,85,S1A_IW_SLC__1SDV_20240726T122119_20240726T122146_054932_06B0EA_2876__S1A_IW_SLC__1SDV_20240819T122119_20240819T122146_055282_06BD59_4806,CANDIDATE
S1A_IW_SLC__1SDV_20240807T122119_20240807T122146_055107_06B6FA_8876,S1A_IW_SLC__1SDV_20240819T122119_20240819T122146_055282_06BD59_4806,2024-08-07,2024-08-19,12.0,ASCENDING,85,S1A_IW_SLC__1SDV_20240807T122119_20240807T122146_055107_06B6FA_8876__S1A_IW_SLC__1SDV_20240819T122119_20240819T122146_055282_06BD59_4806,CANDIDATE
S1A_IW_SLC__1SDV_20240807T122119_20240807T122146_055107_06B6FA_8876,S1A_IW_SLC__1SDV_20240831T122119_20240831T122146_055457_06C3C9_3DCC,2024-08-07,2024-08-31,24.0,ASCENDING,85,S1A_IW_SLC__1SDV_20240807T122119_20240807T122146_055107_06B6FA_8876__S1A_IW_SLC__1SDV_20240831T122119_20240831T122146_055457_06C3C9_3DCC,CANDIDATE
S1A_IW_SLC__1SDV_20240819T122119_20240819T122146_055282_06BD59_4806,S1A_IW_SLC__1SDV_20240831T122119_20240831T122146_055457_06C3C9_3DCC,2024-08-19,2024-08-31,12.0,ASCENDING,85,S1A_IW_SLC__1SDV_20240819T122119_20240819T122146_055282_06BD59_4806__S1A_IW_SLC__1SDV_20240831T122119_20240831T122146_055457_06C3C9_3DCC,CANDIDATE
S1A_IW_SLC__1SDV_20240831T122119_20240831T122146_055457_06C3C9_3DCC,S1A_IW_SLC__1SDV_20240912T122120_20240912T122147_055632_06CAB6_675D,2024-08-31,2024-09-12,12.0,ASCENDING,85,S1A_IW_SLC__1SDV_20240831T122119_20240831T122146_055457_06C3C9_3DCC__S1A_IW_SLC__1SDV_20240912T122120_20240912T122147_055632_06CAB6_675D,CANDIDATE
S1A_IW_SLC__1SDV_20240912T122120_20240912T122147_055632_06CAB6_675D,S1A_IW_SLC__1SDV_20240924T122120_20240924T122147_055807_06D1A1_3ED2,2024-09-12,2024-09-24,12.0,ASCENDING,85,S1A_IW_SLC__1SDV_20240912T122120_20240912T122147_055632_06CAB6_675D__S1A_IW_SLC__1SDV_20240924T122120_20240924T122147_055807_06D1A1_3ED2,CANDIDATE
S1A_IW_SLC__1SDV_20240924T122120_20240924T122147_055807_06D1A1_3ED2,S1A_IW_SLC__1SDV_20241006T122121_20241006T122148_055982_06D887_F01C,2024-09-24,2024-10-06,12.0,ASCENDING,85,S1A_IW_SLC__1SDV_20240924T122120_20240924T122147_055807_06D1A1_3ED2__S1A_IW_SLC__1SDV_20241006T122121_20241006T122148_055982_06D887_F01C,CANDIDATE
S1A_IW_SLC__1SDV_20241006T122121_20241006T122148_055982_06D887_F01C,S1A_IW_SLC__1SDV_20241018T122121_20241018T122148_056157_06DF73_FDE5,2024-10-06,2024-10-18,12.0,ASCENDING,85,S1A_IW_SLC__1SDV_20241006T122121_20241006T122148_055982_06D887_F01C__S1A_IW_SLC__1SDV_20241018T122121_20241018T122148_056157_06DF73_FDE5,CANDIDATE
S1A_IW_SLC__1SDV_20241006T122121_20241006T122148_055982_06D887_F01C,S1A_IW_SLC__1SDV_20241030T122121_20241030T122148_056332_06E661_EC04,2024-10-06,2024-10-30,24.0,ASCENDING,85,S1A_IW_SLC__1SDV_20241006T122121_20241006T122148_055982_06D887_F01C__S1A_IW_SLC__1SDV_20241030T122121_20241030T122148_056332_06E661_EC04,CANDIDATE
S1A_IW_SLC__1SDV_20241018T122121_20241018T122148_056157_06DF73_FDE5,S1A_IW_SLC__1SDV_20241030T122121_20241030T122148_056332_06E661_EC04,2024-10-18,2024-10-30,12.0,ASCENDING,85,S1A_IW_SLC__1SDV_20241018T122121_20241018T122148_056157_06DF73_FDE5__S1A_IW_SLC__1SDV_20241030T122121_20241030T122148_056332_06E661_EC04,CANDIDATE
S1A_IW_SLC__1SDV_20241018T122121_20241018T122148_056157_06DF73_FDE5,S1A_IW_SLC__1SDV_20241111T122120_20241111T122147_056507_06ED59_6578,2024-10-18,2024-11-11,24.0,ASCENDING,85,S1A_IW_SLC__1SDV_20241018T122121_20241018T122148_056157_06DF73_FDE5__S1A_IW_SLC__1SDV_20241111T122120_20241111T122147_056507_06ED59_6578,CANDIDATE
S1A_IW_SLC__1SDV_20241030T122121_20241030T122148_056332_06E661_EC04,S1A_IW_SLC__1SDV_20241111T122120_20241111T122147_056507_06ED59_6578,2024-10-30,2024-11-11,12.0,ASCENDING,85,S1A_IW_SLC__1SDV_20241030T122121_20241030T122148_056332_06E661_EC04__S1A_IW_SLC__1SDV_20241111T122120_20241111T122147_056507_06ED59_6578,CANDIDATE
S1A_IW_SLC__1SDV_20241030T122121_20241030T122148_056332_06E661_EC04,S1A_IW_SLC__1SDV_20241123T122119_20241123T122146_056682_06F458_21CF,2024-10-30,2024-11-23,24.0,ASCENDING,85,S1A_IW_SLC__1SDV_20241030T122121_20241030T122148_056332_06E661_EC04__S1A_IW_SLC__1SDV_20241123T122119_20241123T122146_056682_06F458_21CF,CANDIDATE
S1A_IW_SLC__1SDV_20241111T122120_20241111T122147_056507_06ED59_6578,S1A_IW_SLC__1SDV_20241123T122119_20241123T122146_056682_06F458_21CF,2024-11-11,2024-11-23,12.0,ASCENDING,85,S1A_IW_SLC__1SDV_20241111T122120_20241111T122147_056507_06ED59_6578__S1A_IW_SLC__1SDV_20241123T122119_20241123T122146_056682_06F458_21CF,CANDIDATE
S1A_IW_SLC__1SDV_20241111T122120_20241111T122147_056507_06ED59_6578,S1A_IW_SLC__1SDV_20241205T122119_20241205T122145_056857_06FB45_3586,2024-11-11,2024-12-05,24.0,ASCENDING,85,S1A_IW_SLC__1SDV_20241111T122120_20241111T122147_056507_06ED59_6578__S1A_IW_SLC__1SDV_20241205T122119_20241205T122145_056857_06FB45_3586,CANDIDATE
S1A_IW_SLC__1SDV_20241123T122119_20241123T122146_056682_06F458_21CF,S1A_IW_SLC__1SDV_20241205T122119_20241205T122145_056857_06FB45_3586,2024-11-23,2024-12-05,12.0,ASCENDING,85,S1A_IW_SLC__1SDV_20241123T122119_20241123T122146_056682_06F458_21CF__S1A_IW_SLC__1SDV_20241205T122119_20241205T122145_056857_06FB45_3586,CANDIDATE
S1A_IW_SLC__1SDV_20241123T122119_20241123T122146_056682_06F458_21CF,S1A_IW_SLC__1SDV_20241217T122117_20241217T122144_057032_070234_AD37,2024-11-23,2024-12-17,24.0,ASCENDING,85,S1A_IW_SLC__1SDV_20241123T122119_20241123T122146_056682_06F458_21CF__S1A_IW_SLC__1SDV_20241217T122117_20241217T122144_057032_070234_AD37,CANDIDATE
S1A_IW_SLC__1SDV_20241205T122119_20241205T122145_056857_06FB45_3586,S1A_IW_SLC__1SDV_20241217T122117_20241217T122144_057032_070234_AD37,2024-12-05,2024-12-17,12.0,ASCENDING,85,S1A_IW_SLC__1SDV_20241205T122119_20241205T122145_056857_06FB45_3586__S1A_IW_SLC__1SDV_20241217T122117_20241217T122144_057032_070234_AD37,CANDIDATE
S1A_IW_SLC__1SDV_20241205T122119_20241205T122145_056857_06FB45_3586,S1A_IW_SLC__1SDV_20241229T122117_20241229T122144_057207_070921_A2D3,2024-12-05,2024-12-29,24.0,ASCENDING,85,S1A_IW_SLC__1SDV_20241205T122119_20241205T122145_056857_06FB45_3586__S1A_IW_SLC__1SDV_20241229T122117_20241229T122144_057207_070921_A2D3,CANDIDATE
S1A_IW_SLC__1SDV_20241217T122117_20241217T122144_057032_070234_AD37,S1A_IW_SLC__1SDV_20241229T122117_20241229T122144_057207_070921_A2D3,2024-12-17,2024-12-29,12.0,ASCENDING,85,S1A_IW_SLC__1SDV_20241217T122117_20241217T122144_057032_070234_AD37__S1A_IW_SLC__1SDV_20241229T122117_20241229T122144_057207_070921_A2D3,CANDIDATE
S1A_IW_SLC__1SDV_20241217T122117_20241217T122144_057032_070234_AD37,S1A_IW_SLC__1SDV_20250110T122115_20250110T122142_057382_07100D_B788,2024-12-17,2025-01-10,24.0,ASCENDING,85,S1A_IW_SLC__1SDV_20241217T122117_20241217T122144_057032_070234_AD37__S1A_IW_SLC__1SDV_20250110T122115_20250110T122142_057382_07100D_B788,CANDIDATE
S1A_IW_SLC__1SDV_20241229T122117_20241229T122144_057207_070921_A2D3,S1A_IW_SLC__1SDV_20250110T122115_20250110T122142_057382_07100D_B788,2024-12-29,2025-01-10,12.0,ASCENDING,85,S1A_IW_SLC__1SDV_20241229T122117_20241229T122144_057207_070921_A2D3__S1A_IW_SLC__1SDV_20250110T122115_20250110T122142_057382_07100D_B788,CANDIDATE
S1A_IW_SLC__1SDV_20241229T122117_20241229T122144_057207_070921_A2D3,S1A_IW_SLC__1SDV_20250122T122114_20250122T122141_057557_0716FE_734A,2024-12-29,2025-01-22,24.0,ASCENDING,85,S1A_IW_SLC__1SDV_20241229T122117_20241229T122144_057207_070921_A2D3__S1A_IW_SLC__1SDV_20250122T122114_20250122T122141_057557_0716FE_734A,CANDIDATE
S1A_IW_SLC__1SDV_20250110T122115_20250110T122142_057382_07100D_B788,S1A_IW_SLC__1SDV_20250122T122114_20250122T122141_057557_0716FE_734A,2025-01-10,2025-01-22,12.0,ASCENDING,85,S1A_IW_SLC__1SDV_20250110T122115_20250110T122142_057382_07100D_B788__S1A_IW_SLC__1SDV_20250122T122114_20250122T122141_057557_0716FE_734A,CANDIDATE
S1A_IW_SLC__1SDV_20250110T122115_20250110T122142_057382_07100D_B788,S1A_IW_SLC__1SDV_20250203T122114_20250203T122141_057732_071DEE_864D,2025-01-10,2025-02-03,24.0,ASCENDING,85,S1A_IW_SLC__1SDV_20250110T122115_20250110T122142_057382_07100D_B788__S1A_IW_SLC__1SDV_20250203T122114_20250203T122141_057732_071DEE_864D,CANDIDATE
S1A_IW_SLC__1SDV_20250122T122114_20250122T122141_057557_0716FE_734A,S1A_IW_SLC__1SDV_20250203T122114_20250203T122141_057732_071DEE_864D,2025-01-22,2025-02-03,12.0,ASCENDING,85,S1A_IW_SLC__1SDV_20250122T122114_20250122T122141_057557_0716FE_734A__S1A_IW_SLC__1SDV_20250203T122114_20250203T122141_057732_071DEE_864D,CANDIDATE
S1A_IW_SLC__1SDV_20250122T122114_20250122T122141_057557_0716FE_734A,S1A_IW_SLC__1SDV_20250215T122113_20250215T122140_057907_0724F0_9999,2025-01-22,2025-02-15,24.0,ASCENDING,85,S1A_IW_SLC__1SDV_20250122T122114_20250122T122141_057557_0716FE_734A__S1A_IW_SLC__1SDV_20250215T122113_20250215T122140_057907_0724F0_9999,CANDIDATE
S1A_IW_SLC__1SDV_20250203T122114_20250203T122141_057732_071DEE_864D,S1A_IW_SLC__1SDV_20250215T122113_20250215T122140_057907_0724F0_9999,2025-02-03,2025-02-15,12.0,ASCENDING,85,S1A_IW_SLC__1SDV_20250203T122114_20250203T122141_057732_071DEE_864D__S1A_IW_SLC__1SDV_20250215T122113_20250215T122140_057907_0724F0_9999,CANDIDATE
S1A_IW_SLC__1SDV_20250203T122114_20250203T122141_057732_071DEE_864D,S1A_IW_SLC__1SDV_20250227T122113_20250227T122140_058082_072C12_AAC0,2025-02-03,2025-02-27,24.0,ASCENDING,85,S1A_IW_SLC__1SDV_20250203T122114_20250203T122141_057732_071DEE_864D__S1A_IW_SLC__1SDV_20250227T122113_20250227T122140_058082_072C12_AAC0,CANDIDATE
S1A_IW_SLC__1SDV_20250215T122113_20250215T122140_057907_0724F0_9999,S1A_IW_SLC__1SDV_20250311T122113_20250311T122140_058257_07332C_6F6B,2025-02-15,2025-03-11,24.0,ASCENDING,85,S1A_IW_SLC__1SDV_20250215T122113_20250215T122140_057907_0724F0_9999__S1A_IW_SLC__1SDV_20250311T122113_20250311T122140_058257_07332C_6F6B,CANDIDATE
S1A_IW_SLC__1SDV_20250227T122113_20250227T122140_058082_072C12_AAC0,S1A_IW_SLC__1SDV_20250311T122113_20250311T122140_058257_07332C_6F6B,2025-02-27,2025-03-11,12.0,ASCENDING,85,S1A_IW_SLC__1SDV_20250227T122113_20250227T122140_058082_072C12_AAC0__S1A_IW_SLC__1SDV_20250311T122113_20250311T122140_058257_07332C_6F6B,CANDIDATE
S1A_IW_SLC__1SDV_20250311T122113_20250311T122140_058257_07332C_6F6B,S1A_IW_SLC__1SDV_20250323T122114_20250323T122141_058432_073A14_60BC,2025-03-11,2025-03-23,12.0,ASCENDING,85,S1A_IW_SLC__1SDV_20250311T122113_20250311T122140_058257_07332C_6F6B__S1A_IW_SLC__1SDV_20250323T122114_20250323T122141_058432_073A14_60BC,CANDIDATE
S1A_IW_SLC__1SDV_20250323T122114_20250323T122141_058432_073A14_60BC,S1A_IW_SLC__1SDV_20250404T122114_20250404T122141_058607_074127_F160,2025-03-23,2025-04-04,12.0,ASCENDING,85,S1A_IW_SLC__1SDV_20250323T122114_20250323T122141_058432_073A14_60BC__S1A_IW_SLC__1SDV_20250404T122114_20250404T122141_058607_074127_F160,CANDIDATE
S1A_IW_SLC__1SDV_20250323T122114_20250323T122141_058432_073A14_60BC,S1A_IW_SLC__1SDV_20250416T122114_20250416T122141_058782_074851_2AF3,2025-03-23,2025-04-16,24.0,ASCENDING,85,S1A_IW_SLC__1SDV_20250323T122114_20250323T122141_058432_073A14_60BC__S1A_IW_SLC__1SDV_20250416T122114_20250416T122141_058782_074851_2AF3,CANDIDATE
S1A_IW_SLC__1SDV_20250404T122114_20250404T122141_058607_074127_F160,S1A_IW_SLC__1SDV_20250416T122114_20250416T122141_058782_074851_2AF3,2025-04-04,2025-04-16,12.0,ASCENDING,85,S1A_IW_SLC__1SDV_20250404T122114_20250404T122141_058607_074127_F160__S1A_IW_SLC__1SDV_20250416T122114_20250416T122141_058782_074851_2AF3,CANDIDATE
S1A_IW_SLC__1SDV_20250404T122114_20250404T122141_058607_074127_F160,S1A_IW_SLC__1SDV_20250428T122114_20250428T122141_058957_074F7C_57E2,2025-04-04,2025-04-28,24.0,ASCENDING,85,S1A_IW_SLC__1SDV_20250404T122114_20250404T122141_058607_074127_F160__S1A_IW_SLC__1SDV_20250428T122114_20250428T122141_058957_074F7C_57E2,CANDIDATE
S1A_IW_SLC__1SDV_20250416T122114_20250416T122141_058782_074851_2AF3,S1A_IW_SLC__1SDV_20250428T122114_20250428T122141_058957_074F7C_57E2,2025-04-16,2025-04-28,12.0,ASCENDING,85,S1A_IW_SLC__1SDV_20250416T122114_20250416T122141_058782_074851_2AF3__S1A_IW_SLC__1SDV_20250428T122114_20250428T122141_058957_074F7C_57E2,CANDIDATE
S1A_IW_SLC__1SDV_20250416T122114_20250416T122141_058782_074851_2AF3,S1A_IW_SLC__1SDV_20250510T122114_20250510T122141_059132_075632_A211,2025-04-16,2025-05-10,24.0,ASCENDING,85,S1A_IW_SLC__1SDV_20250416T122114_20250416T122141_058782_074851_2AF3__S1A_IW_SLC__1SDV_20250510T122114_20250510T122141_059132_075632_A211,CANDIDATE
S1A_IW_SLC__1SDV_20250428T122114_20250428T122141_058957_074F7C_57E2,S1A_IW_SLC__1SDV_20250510T122114_20250510T122141_059132_075632_A211,2025-04-28,2025-05-10,12.0,ASCENDING,85,S1A_IW_SLC__1SDV_20250428T122114_20250428T122141_058957_074F7C_57E2__S1A_IW_SLC__1SDV_20250510T122114_20250510T122141_059132_075632_A211,CANDIDATE
S1A_IW_SLC__1SDV_20250510T122114_20250510T122141_059132_075632_A211,S1A_IW_SLC__1SDV_20250603T122113_20250603T122140_059482_076251_80F8,2025-05-10,2025-06-03,24.0,ASCENDING,85,S1A_IW_SLC__1SDV_20250510T122114_20250510T122141_059132_075632_A211__S1A_IW_SLC__1SDV_20250603T122113_20250603T122140_059482_076251_80F8,CANDIDATE
S1A_IW_SLC__1SDV_20250603T122113_20250603T122140_059482_076251_80F8,S1A_IW_SLC__1SDV_20250615T122112_20250615T122139_059657_076846_9EF7,2025-06-03,2025-06-15,12.0,ASCENDING,85,S1A_IW_SLC__1SDV_20250603T122113_20250603T122140_059482_076251_80F8__S1A_IW_SLC__1SDV_20250615T122112_20250615T122139_059657_076846_9EF7,CANDIDATE
S1A_IW_SLC__1SDV_20250603T122113_20250603T122140_059482_076251_80F8,S1A_IW_SLC__1SDV_20250627T122112_20250627T122139_059832_076E5B_6710,2025-06-03,2025-06-27,24.0,ASCENDING,85,S1A_IW_SLC__1SDV_20250603T122113_20250603T122140_059482_076251_80F8__S1A_IW_SLC__1SDV_20250627T122112_20250627T122139_059832_076E5B_6710,CANDIDATE
S1A_IW_SLC__1SDV_20250615T122112_20250615T122139_059657_076846_9EF7,S1A_IW_SLC__1SDV_20250627T122112_20250627T122139_059832_076E5B_6710,2025-06-15,2025-06-27,12.0,ASCENDING,85,S1A_IW_SLC__1SDV_20250615T122112_20250615T122139_059657_076846_9EF7__S1A_IW_SLC__1SDV_20250627T122112_20250627T122139_059832_076E5B_6710,CANDIDATE
S1A_IW_SLC__1SDV_20250615T122112_20250615T122139_059657_076846_9EF7,S1A_IW_SLC__1SDV_20250709T122111_20250709T122138_060007_07746D_C658,2025-06-15,2025-07-09,24.0,ASCENDING,85,S1A_IW_SLC__1SDV_20250615T122112_20250615T122139_059657_076846_9EF7__S1A_IW_SLC__1SDV_20250709T122111_20250709T122138_060007_07746D_C658,CANDIDATE
S1A_IW_SLC__1SDV_20250627T122112_20250627T122139_059832_076E5B_6710,S1A_IW_SLC__1SDV_20250709T122111_20250709T122138_060007_07746D_C658,2025-06-27,2025-07-09,12.0,ASCENDING,85,S1A_IW_SLC__1SDV_20250627T122112_20250627T122139_059832_076E5B_6710__S1A_IW_SLC__1SDV_20250709T122111_20250709T122138_060007_07746D_C658,CANDIDATE
S1A_IW_SLC__1SDV_20250627T122112_20250627T122139_059832_076E5B_6710,S1A_IW_SLC__1SDV_20250721T122110_20250721T122137_060182_077A6E_0CE6,2025-06-27,2025-07-21,24.0,ASCENDING,85,S1A_IW_SLC__1SDV_20250627T122112_20250627T122139_059832_076E5B_6710__S1A_IW_SLC__1SDV_20250721T122110_20250721T122137_060182_077A6E_0CE6,CANDIDATE
S1A_IW_SLC__1SDV_20250709T122111_20250709T122138_060007_07746D_C658,S1A_IW_SLC__1SDV_20250721T122110_20250721T122137_060182_077A6E_0CE6,2025-07-09,2025-07-21,12.0,ASCENDING,85,S1A_IW_SLC__1SDV_20250709T122111_20250709T122138_060007_07746D_C658__S1A_IW_SLC__1SDV_20250721T122110_20250721T122137_060182_077A6E_0CE6,CANDIDATE
S1A_IW_SLC__1SDV_20250709T122111_20250709T122138_060007_07746D_C658,S1A_IW_SLC__1SDV_20250802T122110_20250802T122137_060357_078073_F958,2025-07-09,2025-08-02,24.0,ASCENDING,85,S1A_IW_SLC__1SDV_20250709T122111_20250709T122138_060007_07746D_C658__S1A_IW_SLC__1SDV_20250802T122110_20250802T122137_060357_078073_F958,CANDIDATE
S1A_IW_SLC__1SDV_20250721T122110_20250721T122137_060182_077A6E_0CE6,S1A_IW_SLC__1SDV_20250802T122110_20250802T122137_060357_078073_F958,2025-07-21,2025-08-02,12.0,ASCENDING,85,S1A_IW_SLC__1SDV_20250721T122110_20250721T122137_060182_077A6E_0CE6__S1A_IW_SLC__1SDV_20250802T122110_20250802T122137_060357_078073_F958,CANDIDATE
S1A_IW_SLC__1SDV_20250721T122110_20250721T122137_060182_077A6E_0CE6,S1A_IW_SLC__1SDV_20250814T122110_20250814T122137_060532_07870F_58A9,2025-07-21,2025-08-14,24.0,ASCENDING,85,S1A_IW_SLC__1SDV_20250721T122110_20250721T122137_060182_077A6E_0CE6__S1A_IW_SLC__1SDV_20250814T122110_20250814T122137_060532_07870F_58A9,CANDIDATE
S1A_IW_SLC__1SDV_20250802T122110_20250802T122137_060357_078073_F958,S1A_IW_SLC__1SDV_20250814T122110_20250814T122137_060532_07870F_58A9,2025-08-02,2025-08-14,12.0,ASCENDING,85,S1A_IW_SLC__1SDV_20250802T122110_20250802T122137_060357_078073_F958__S1A_IW_SLC__1SDV_20250814T122110_20250814T122137_060532_07870F_58A9,CANDIDATE
S1A_IW_SLC__1SDV_20250802T122110_20250802T122137_060357_078073_F958,S1A_IW_SLC__1SDV_20250826T122110_20250826T122137_060707_078DF4_9818,2025-08-02,2025-08-26,24.0,ASCENDING,85,S1A_IW_SLC__1SDV_20250802T122110_20250802T122137_060357_078073_F958__S1A_IW_SLC__1SDV_20250826T122110_20250826T122137_060707_078DF4_9818,CANDIDATE
S1A_IW_SLC__1SDV_20250826T122110_20250826T122137_060707_078DF4_9818,S1A_IW_SLC__1SDV_20250907T122111_20250907T122138_060882_0794E5_21D9,2025-08-26,2025-09-07,12.0,ASCENDING,85,S1A_IW_SLC__1SDV_20250826T122110_20250826T122137_060707_078DF4_9818__S1A_IW_SLC__1SDV_20250907T122111_20250907T122138_060882_0794E5_21D9,CANDIDATE
S1A_IW_SLC__1SDV_20250907T122111_20250907T122138_060882_0794E5_21D9,S1A_IW_SLC__1SDV_20250919T122111_20250919T122138_061057_079BEA_6724,2025-09-07,2025-09-19,12.0,ASCENDING,85,S1A_IW_SLC__1SDV_20250907T122111_20250907T122138_060882_0794E5_21D9__S1A_IW_SLC__1SDV_20250919T122111_20250919T122138_061057_079BEA_6724,CANDIDATE
S1A_IW_SLC__1SDV_20250907T122111_20250907T122138_060882_0794E5_21D9,S1A_IW_SLC__1SDV_20251001T122111_20251001T122138_061232_07A2FE_28FE,2025-09-07,2025-10-01,24.0,ASCENDING,85,S1A_IW_SLC__1SDV_20250907T122111_20250907T122138_060882_0794E5_21D9__S1A_IW_SLC__1SDV_20251001T122111_20251001T122138_061232_07A2FE_28FE,CANDIDATE
S1A_IW_SLC__1SDV_20250919T122111_20250919T122138_061057_079BEA_6724,S1A_IW_SLC__1SDV_20251001T122111_20251001T122138_061232_07A2FE_28FE,2025-09-19,2025-10-01,12.0,ASCENDING,85,S1A_IW_SLC__1SDV_20250919T122111_20250919T122138_061057_079BEA_6724__S1A_IW_SLC__1SDV_20251001T122111_20251001T122138_061232_07A2FE_28FE,CANDIDATE
S1A_IW_SLC__1SDV_20250919T122111_20250919T122138_061057_079BEA_6724,S1A_IW_SLC__1SDV_20251013T122111_20251013T122138_061407_07AA07_2387,2025-09-19,2025-10-13,24.0,ASCENDING,85,S1A_IW_SLC__1SDV_20250919T122111_20250919T122138_061057_079BEA_6724__S1A_IW_SLC__1SDV_20251013T122111_20251013T122138_061407_07AA07_2387,CANDIDATE
S1A_IW_SLC__1SDV_20251001T122111_20251001T122138_061232_07A2FE_28FE,S1A_IW_SLC__1SDV_20251013T122111_20251013T122138_061407_07AA07_2387,2025-10-01,2025-10-13,12.0,ASCENDING,85,S1A_IW_SLC__1SDV_20251001T122111_20251001T122138_061232_07A2FE_28FE__S1A_IW_SLC__1SDV_20251013T122111_20251013T122138_061407_07AA07_2387,CANDIDATE
S1A_IW_SLC__1SDV_20251001T122111_20251001T122138_061232_07A2FE_28FE,S1A_IW_SLC__1SDV_20251025T122111_20251025T122138_061582_07B10C_0F5E,2025-10-01,2025-10-25,24.0,ASCENDING,85,S1A_IW_SLC__1SDV_20251001T122111_20251001T122138_061232_07A2FE_28FE__S1A_IW_SLC__1SDV_20251025T122111_20251025T122138_061582_07B10C_0F5E,CANDIDATE
S1A_IW_SLC__1SDV_20251013T122111_20251013T122138_061407_07AA07_2387,S1A_IW_SLC__1SDV_20251025T122111_20251025T122138_061582_07B10C_0F5E,2025-10-13,2025-10-25,12.0,ASCENDING,85,S1A_IW_SLC__1SDV_20251013T122111_20251013T122138_061407_07AA07_2387__S1A_IW_SLC__1SDV_20251025T122111_20251025T122138_061582_07B10C_0F5E,CANDIDATE
S1A_IW_SLC__1SDV_20251013T122111_20251013T122138_061407_07AA07_2387,S1A_IW_SLC__1SDV_20251106T122111_20251106T122138_061757_07B7F5_F92D,2025-10-13,2025-11-06,24.0,ASCENDING,85,S1A_IW_SLC__1SDV_20251013T122111_20251013T122138_061407_07AA07_2387__S1A_IW_SLC__1SDV_20251106T122111_20251106T122138_061757_07B7F5_F92D,CANDIDATE
S1A_IW_SLC__1SDV_20251025T122111_20251025T122138_061582_07B10C_0F5E,S1A_IW_SLC__1SDV_20251106T122111_20251106T122138_061757_07B7F5_F92D,2025-10-25,2025-11-06,12.0,ASCENDING,85,S1A_IW_SLC__1SDV_20251025T122111_20251025T122138_061582_07B10C_0F5E__S1A_IW_SLC__1SDV_20251106T122111_20251106T122138_061757_07B7F5_F92D,CANDIDATE
S1A_IW_SLC__1SDV_20251025T122111_20251025T122138_061582_07B10C_0F5E,S1A_IW_SLC__1SDV_20251118T122110_20251118T122137_061932_07BEC4_925A,2025-10-25,2025-11-18,24.0,ASCENDING,85,S1A_IW_SLC__1SDV_20251025T122111_20251025T122138_061582_07B10C_0F5E__S1A_IW_SLC__1SDV_20251118T122110_20251118T122137_061932_07BEC4_925A,CANDIDATE
S1A_IW_SLC__1SDV_20251106T122111_20251106T122138_061757_07B7F5_F92D,S1A_IW_SLC__1SDV_20251118T122110_20251118T122137_061932_07BEC4_925A,2025-11-06,2025-11-18,12.0,ASCENDING,85,S1A_IW_SLC__1SDV_20251106T122111_20251106T122138_061757_07B7F5_F92D__S1A_IW_SLC__1SDV_20251118T122110_20251118T122137_061932_07BEC4_925A,CANDIDATE
S1A_IW_SLC__1SDV_20251106T122111_20251106T122138_061757_07B7F5_F92D,S1A_IW_SLC__1SDV_20251130T122109_20251130T122136_062107_07C58F_EC4A,2025-11-06,2025-11-30,24.0,ASCENDING,85,S1A_IW_SLC__1SDV_20251106T122111_20251106T122138_061757_07B7F5_F92D__S1A_IW_SLC__1SDV_20251130T122109_20251130T122136_062107_07C58F_EC4A,CANDIDATE
S1A_IW_SLC__1SDV_20251118T122110_20251118T122137_061932_07BEC4_925A,S1A_IW_SLC__1SDV_20251130T122109_20251130T122136_062107_07C58F_EC4A,2025-11-18,2025-11-30,12.0,ASCENDING,85,S1A_IW_SLC__1SDV_20251118T122110_20251118T122137_061932_07BEC4_925A__S1A_IW_SLC__1SDV_20251130T122109_20251130T122136_062107_07C58F_EC4A,CANDIDATE
S1A_IW_SLC__1SDV_20251118T122110_20251118T122137_061932_07BEC4_925A,S1A_IW_SLC__1SDV_20251212T122108_20251212T122135_062282_07CC69_C175,2025-11-18,2025-12-12,24.0,ASCENDING,85,S1A_IW_SLC__1SDV_20251118T122110_20251118T122137_061932_07BEC4_925A__S1A_IW_SLC__1SDV_20251212T122108_20251212T122135_062282_07CC69_C175,CANDIDATE
S1A_IW_SLC__1SDV_20251130T122109_20251130T122136_062107_07C58F_EC4A,S1A_IW_SLC__1SDV_20251212T122108_20251212T122135_062282_07CC69_C175,2025-11-30,2025-12-12,12.0,ASCENDING,85,S1A_IW_SLC__1SDV_20251130T122109_20251130T122136_062107_07C58F_EC4A__S1A_IW_SLC__1SDV_20251212T122108_20251212T122135_062282_07CC69_C175,CANDIDATE
S1A_IW_SLC__1SDV_20251130T122109_20251130T122136_062107_07C58F_EC4A,S1A_IW_SLC__1SDV_20251224T122106_20251224T122133_062457_07D32E_2FEE,2025-11-30,2025-12-24,24.0,ASCENDING,85,S1A_IW_SLC__1SDV_20251130T122109_20251130T122136_062107_07C58F_EC4A__S1A_IW_SLC__1SDV_20251224T122106_20251224T122133_062457_07D32E_2FEE,CANDIDATE
S1A_IW_SLC__1SDV_20251212T122108_20251212T122135_062282_07CC69_C175,S1A_IW_SLC__1SDV_20251224T122106_20251224T122133_062457_07D32E_2FEE,2025-12-12,2025-12-24,12.0,ASCENDING,85,S1A_IW_SLC__1SDV_20251212T122108_20251212T122135_062282_07CC69_C175__S1A_IW_SLC__1SDV_20251224T122106_20251224T122133_062457_07D32E_2FEE,CANDIDATE
S1A_IW_SLC__1SDV_20251212T122108_20251212T122135_062282_07CC69_C175,S1A_IW_SLC__1SDV_20260105T122105_20260105T122132_062632_07D9F5_633A,2025-12-12,2026-01-05,24.0,ASCENDING,85,S1A_IW_SLC__1SDV_20251212T122108_20251212T122135_062282_07CC69_C175__S1A_IW_SLC__1SDV_20260105T122105_20260105T122132_062632_07D9F5_633A,CANDIDATE
S1A_IW_SLC__1SDV_20251224T122106_20251224T122133_062457_07D32E_2FEE,S1A_IW_SLC__1SDV_20260105T122105_20260105T122132_062632_07D9F5_633A,2025-12-24,2026-01-05,12.0,ASCENDING,85,S1A_IW_SLC__1SDV_20251224T122106_20251224T122133_062457_07D32E_2FEE__S1A_IW_SLC__1SDV_20260105T122105_20260105T122132_062632_07D9F5_633A,CANDIDATE
S1A_IW_SLC__1SDV_20251224T122106_20251224T122133_062457_07D32E_2FEE,S1A_IW_SLC__1SDV_20260117T122104_20260117T122131_062807_07E0AD_62DE,2025-12-24,2026-01-17,24.0,ASCENDING,85,S1A_IW_SLC__1SDV_20251224T122106_20251224T122133_062457_07D32E_2FEE__S1A_IW_SLC__1SDV_20260117T122104_20260117T122131_062807_07E0AD_62DE,CANDIDATE
S1A_IW_SLC__1SDV_20260105T122105_20260105T122132_062632_07D9F5_633A,S1A_IW_SLC__1SDV_20260117T122104_20260117T122131_062807_07E0AD_62DE,2026-01-05,2026-01-17,12.0,ASCENDING,85,S1A_IW_SLC__1SDV_20260105T122105_20260105T122132_062632_07D9F5_633A__S1A_IW_SLC__1SDV_20260117T122104_20260117T122131_062807_07E0AD_62DE,CANDIDATE
S1A_IW_SLC__1SDV_20260105T122105_20260105T122132_062632_07D9F5_633A,S1A_IW_SLC__1SDV_20260129T122104_20260129T122131_062982_07E6FE_C130,2026-01-05,2026-01-29,24.0,ASCENDING,85,S1A_IW_SLC__1SDV_20260105T122105_20260105T122132_062632_07D9F5_633A__S1A_IW_SLC__1SDV_20260129T122104_20260129T122131_062982_07E6FE_C130,CANDIDATE
S1A_IW_SLC__1SDV_20260117T122104_20260117T122131_062807_07E0AD_62DE,S1A_IW_SLC__1SDV_20260129T122104_20260129T122131_062982_07E6FE_C130,2026-01-17,2026-01-29,12.0,ASCENDING,85,S1A_IW_SLC__1SDV_20260117T122104_20260117T122131_062807_07E0AD_62DE__S1A_IW_SLC__1SDV_20260129T122104_20260129T122131_062982_07E6FE_C130,CANDIDATE
S1A_IW_SLC__1SDV_20260117T122104_20260117T122131_062807_07E0AD_62DE,S1A_IW_SLC__1SDV_20260210T122103_20260210T122130_063157_07ED85_E1AF,2026-01-17,2026-02-10,24.0,ASCENDING,85,S1A_IW_SLC__1SDV_20260117T122104_20260117T122131_062807_07E0AD_62DE__S1A_IW_SLC__1SDV_20260210T122103_20260210T122130_063157_07ED85_E1AF,CANDIDATE
S1A_IW_SLC__1SDV_20260129T122104_20260129T122131_062982_07E6FE_C130,S1A_IW_SLC__1SDV_20260210T122103_20260210T122130_063157_07ED85_E1AF,2026-01-29,2026-02-10,12.0,ASCENDING,85,S1A_IW_SLC__1SDV_20260129T122104_20260129T122131_062982_07E6FE_C130__S1A_IW_SLC__1SDV_20260210T122103_20260210T122130_063157_07ED85_E1AF,CANDIDATE
S1A_IW_SLC__1SDV_20260129T122104_20260129T122131_062982_07E6FE_C130,S1A_IW_SLC__1SDV_20260222T122102_20260222T122129_063332_07F424_5EAE,2026-01-29,2026-02-22,24.0,ASCENDING,85,S1A_IW_SLC__1SDV_20260129T122104_20260129T122131_062982_07E6FE_C130__S1A_IW_SLC__1SDV_20260222T122102_20260222T122129_063332_07F424_5EAE,CANDIDATE
S1A_IW_SLC__1SDV_20260210T122103_20260210T122130_063157_07ED85_E1AF,S1A_IW_SLC__1SDV_20260222T122102_20260222T122129_063332_07F424_5EAE,2026-02-10,2026-02-22,12.0,ASCENDING,85,S1A_IW_SLC__1SDV_20260210T122103_20260210T122130_063157_07ED85_E1AF__S1A_IW_SLC__1SDV_20260222T122102_20260222T122129_063332_07F424_5EAE,CANDIDATE
S1A_IW_SLC__1SDV_20260210T122103_20260210T122130_063157_07ED85_E1AF,S1A_IW_SLC__1SDV_20260306T122102_20260306T122129_063507_07FACC_4ED5,2026-02-10,2026-03-06,24.0,ASCENDING,85,S1A_IW_SLC__1SDV_20260210T122103_20260210T122130_063157_07ED85_E1AF__S1A_IW_SLC__1SDV_20260306T122102_20260306T122129_063507_07FACC_4ED5,CANDIDATE
S1A_IW_SLC__1SDV_20260222T122102_20260222T122129_063332_07F424_5EAE,S1A_IW_SLC__1SDV_20260306T122102_20260306T122129_063507_07FACC_4ED5,2026-02-22,2026-03-06,12.0,ASCENDING,85,S1A_IW_SLC__1SDV_20260222T122102_20260222T122129_063332_07F424_5EAE__S1A_IW_SLC__1SDV_20260306T122102_20260306T122129_063507_07FACC_4ED5,CANDIDATE
S1A_IW_SLC__1SDV_20260222T122102_20260222T122129_063332_07F424_5EAE,S1A_IW_SLC__1SDV_20260318T122102_20260318T122129_063682_08015B_6B10,2026-02-22,2026-03-18,24.0,ASCENDING,85,S1A_IW_SLC__1SDV_20260222T122102_20260222T122129_063332_07F424_5EAE__S1A_IW_SLC__1SDV_20260318T122102_20260318T122129_063682_08015B_6B10,CANDIDATE
S1A_IW_SLC__1SDV_20260306T122102_20260306T122129_063507_07FACC_4ED5,S1A_IW_SLC__1SDV_20260318T122102_20260318T122129_063682_08015B_6B10,2026-03-06,2026-03-18,12.0,ASCENDING,85,S1A_IW_SLC__1SDV_20260306T122102_20260306T122129_063507_07FACC_4ED5__S1A_IW_SLC__1SDV_20260318T122102_20260318T122129_063682_08015B_6B10,CANDIDATE
S1A_IW_SLC__1SDV_20260306T122102_20260306T122129_063507_07FACC_4ED5,S1A_IW_SLC__1SDV_20260330T122102_20260330T122129_063857_0807DF_27F2,2026-03-06,2026-03-30,24.0,ASCENDING,85,S1A_IW_SLC__1SDV_20260306T122102_20260306T122129_063507_07FACC_4ED5__S1A_IW_SLC__1SDV_20260330T122102_20260330T122129_063857_0807DF_27F2,CANDIDATE
S1A_IW_SLC__1SDV_20260318T122102_20260318T122129_063682_08015B_6B10,S1A_IW_SLC__1SDV_20260330T122102_20260330T122129_063857_0807DF_27F2,2026-03-18,2026-03-30,12.0,ASCENDING,85,S1A_IW_SLC__1SDV_20260318T122102_20260318T122129_063682_08015B_6B10__S1A_IW_SLC__1SDV_20260330T122102_20260330T122129_063857_0807DF_27F2,CANDIDATE
S1A_IW_SLC__1SDV_20260330T122102_20260330T122129_063857_0807DF_27F2,S1A_IW_SLC__1SDV_20260411T122103_20260411T122129_064032_080E70_C764,2026-03-30,2026-04-11,12.0,ASCENDING,85,S1A_IW_SLC__1SDV_20260330T122102_20260330T122129_063857_0807DF_27F2__S1A_IW_SLC__1SDV_20260411T122103_20260411T122129_064032_080E70_C764,CANDIDATE
S1A_IW_SLC__1SDV_20260411T122103_20260411T122129_064032_080E70_C764,S1A_IW_SLC__1SDV_20260423T122103_20260423T122130_064207_0814F9_0A7E,2026-04-11,2026-04-23,12.0,ASCENDING,85,S1A_IW_SLC__1SDV_20260411T122103_20260411T122129_064032_080E70_C764__S1A_IW_SLC__1SDV_20260423T122103_20260423T122130_064207_0814F9_0A7E,CANDIDATE
S1A_IW_SLC__1SDV_20260423T122103_20260423T122130_064207_0814F9_0A7E,S1A_IW_SLC__1SDV_20260505T122105_20260505T122132_064382_081B72_932A,2026-04-23,2026-05-05,12.0,ASCENDING,85,S1A_IW_SLC__1SDV_20260423T122103_20260423T122130_064207_0814F9_0A7E__S1A_IW_SLC__1SDV_20260505T122105_20260505T122132_064382_081B72_932A,CANDIDATE
S1A_IW_SLC__1SDV_20260505T122105_20260505T122132_064382_081B72_932A,S1A_IW_SLC__1SDV_20260517T122105_20260517T122132_064557_08219F_B3CC,2026-05-05,2026-05-17,12.0,ASCENDING,85,S1A_IW_SLC__1SDV_20260505T122105_20260505T122132_064382_081B72_932A__S1A_IW_SLC__1SDV_20260517T122105_20260517T122132_064557_08219F_B3CC,CANDIDATE
S1A_IW_SLC__1SDV_20260505T122105_20260505T122132_064382_081B72_932A,S1A_IW_SLC__1SDV_20260529T122104_20260529T122131_064732_0827C0_7CD0,2026-05-05,2026-05-29,24.0,ASCENDING,85,S1A_IW_SLC__1SDV_20260505T122105_20260505T122132_064382_081B72_932A__S1A_IW_SLC__1SDV_20260529T122104_20260529T122131_064732_0827C0_7CD0,CANDIDATE
S1A_IW_SLC__1SDV_20260517T122105_20260517T122132_064557_08219F_B3CC,S1A_IW_SLC__1SDV_20260529T122104_20260529T122131_064732_0827C0_7CD0,2026-05-17,2026-05-29,12.0,ASCENDING,85,S1A_IW_SLC__1SDV_20260517T122105_20260517T122132_064557_08219F_B3CC__S1A_IW_SLC__1SDV_20260529T122104_20260529T122131_064732_0827C0_7CD0,CANDIDATE
S1A_IW_SLC__1SDV_20260517T122105_20260517T122132_064557_08219F_B3CC,S1A_IW_SLC__1SDV_20260610T122103_20260610T122130_064907_082DE1_9292,2026-05-17,2026-06-10,24.0,ASCENDING,85,S1A_IW_SLC__1SDV_20260517T122105_20260517T122132_064557_08219F_B3CC__S1A_IW_SLC__1SDV_20260610T122103_20260610T122130_064907_082DE1_9292,CANDIDATE
S1A_IW_SLC__1SDV_20260529T122104_20260529T122131_064732_0827C0_7CD0,S1A_IW_SLC__1SDV_20260610T122103_20260610T122130_064907_082DE1_9292,2026-05-29,2026-06-10,12.0,ASCENDING,85,S1A_IW_SLC__1SDV_20260529T122104_20260529T122131_064732_0827C0_7CD0__S1A_IW_SLC__1SDV_20260610T122103_20260610T122130_064907_082DE1_9292,CANDIDATE
S1A_IW_SLC__1SDV_20260529T122104_20260529T122131_064732_0827C0_7CD0,S1A_IW_SLC__1SDV_20260622T122103_20260622T122130_065082_083408_663A,2026-05-29,2026-06-22,24.0,ASCENDING,85,S1A_IW_SLC__1SDV_20260529T122104_20260529T122131_064732_0827C0_7CD0__S1A_IW_SLC__1SDV_20260622T122103_20260622T122130_065082_083408_663A,CANDIDATE
S1A_IW_SLC__1SDV_20260610T122103_20260610T122130_064907_082DE1_9292,S1A_IW_SLC__1SDV_20260622T122103_20260622T122130_065082_083408_663A,2026-06-10,2026-06-22,12.0,ASCENDING,85,S1A_IW_SLC__1SDV_20260610T122103_20260610T122130_064907_082DE1_9292__S1A_IW_SLC__1SDV_20260622T122103_20260622T122130_065082_083408_663A,CANDIDATE
S1A_IW_SLC__1SDV_20260610T122103_20260610T122130_064907_082DE1_9292,S1D_IW_SLC__1SDV_20260629T122022_20260629T122049_003451_006174_C1CF,2026-06-10,2026-06-29,19.0,ASCENDING,85,S1A_IW_SLC__1SDV_20260610T122103_20260610T122130_064907_082DE1_9292__S1D_IW_SLC__1SDV_20260629T122022_20260629T122049_003451_006174_C1CF,CANDIDATE
S1A_IW_SLC__1SDV_20260622T122103_20260622T122130_065082_083408_663A,S1D_IW_SLC__1SDV_20260629T122022_20260629T122049_003451_006174_C1CF,2026-06-22,2026-06-29,7.0,ASCENDING,85,S1A_IW_SLC__1SDV_20260622T122103_20260622T122130_065082_083408_663A__S1D_IW_SLC__1SDV_20260629T122022_20260629T122049_003451_006174_C1CF,CANDIDATE
S1A_IW_SLC__1SDV_20260622T122103_20260622T122130_065082_083408_663A,S1D_IW_SLC__1SDV_20260711T122023_20260711T122050_003626_00675A_ECEA,2026-06-22,2026-07-11,19.0,ASCENDING,85,S1A_IW_SLC__1SDV_20260622T122103_20260622T122130_065082_083408_663A__S1D_IW_SLC__1SDV_20260711T122023_20260711T122050_003626_00675A_ECEA,CANDIDATE
S1D_IW_SLC__1SDV_20260629T122022_20260629T122049_003451_006174_C1CF,S1D_IW_SLC__1SDV_20260711T122023_20260711T122050_003626_00675A_ECEA,2026-06-29,2026-07-11,12.0,ASCENDING,85,S1D_IW_SLC__1SDV_20260629T122022_20260629T122049_003451_006174_C1CF__S1D_IW_SLC__1SDV_20260711T122023_20260711T122050_003626_00675A_ECEA,CANDIDATE
S1D_IW_SLC__1SDV_20260711T122023_20260711T122050_003626_00675A_ECEA,S1D_IW_SLC__1SDV_20260723T122024_20260723T122051_003801_006D5D_CF9E,2026-07-11,2026-07-23,12.0,ASCENDING,85,S1D_IW_SLC__1SDV_20260711T122023_20260711T122050_003626_00675A_ECEA__S1D_IW_SLC__1SDV_20260723T122024_20260723T122051_003801_006D5D_CF9E,CANDIDATE
S1D_IW_SLC__1SDV_20260723T122024_20260723T122051_003801_006D5D_CF9E,S1D_IW_SLC__1SDV_20260804T122024_20260804T122051_003976_00737A_7892,2026-07-23,2026-08-04,12.0,ASCENDING,85,S1D_IW_SLC__1SDV_20260723T122024_20260723T122051_003801_006D5D_CF9E__S1D_IW_SLC__1SDV_20260804T122024_20260804T122051_003976_00737A_7892,CANDIDATE
S1D_IW_SLC__1SDV_20260804T122024_20260804T122051_003976_00737A_7892,S1D_IW_SLC__1SDV_20260816T122025_20260816T122052_004151_007980_8064,2026-08-04,2026-08-16,12.0,ASCENDING,85,S1D_IW_SLC__1SDV_20260804T122024_20260804T122051_003976_00737A_7892__S1D_IW_SLC__1SDV_20260816T122025_20260816T122052_004151_007980_8064,CANDIDATE
S1D_IW_SLC__1SDV_20260828T122025_20260828T122052_004326_007FA4_5013,S1D_IW_SLC__1SDV_20260909T122026_20260909T122052_004501_0085C5_FC32,2026-08-28,2026-09-09,12.0,ASCENDING,85,S1D_IW_SLC__1SDV_20260828T122025_20260828T122052_004326_007FA4_5013__S1D_IW_SLC__1SDV_20260909T122026_20260909T122052_004501_0085C5_FC32,CANDIDATE
S1A_IW_SLC__1SDV_20240102T000439_20240102T000506_051920_0645E2_BFE4,S1A_IW_SLC__1SDV_20240114T000438_20240114T000505_052095_064BDC_0A40,2024-01-02,2024-01-14,12.0,DESCENDING,48,S1A_IW_SLC__1SDV_20240102T000439_20240102T000506_051920_0645E2_BFE4__S1A_IW_SLC__1SDV_20240114T000438_20240114T000505_052095_064BDC_0A40,CANDIDATE
S1A_IW_SLC__1SDV_20240102T000439_20240102T000506_051920_0645E2_BFE4,S1A_IW_SLC__1SDV_20240126T000438_20240126T000505_052270_0651B8_0AF7,2024-01-02,2024-01-26,24.0,DESCENDING,48,S1A_IW_SLC__1SDV_20240102T000439_20240102T000506_051920_0645E2_BFE4__S1A_IW_SLC__1SDV_20240126T000438_20240126T000505_052270_0651B8_0AF7,CANDIDATE
S1A_IW_SLC__1SDV_20240114T000438_20240114T000505_052095_064BDC_0A40,S1A_IW_SLC__1SDV_20240126T000438_20240126T000505_052270_0651B8_0AF7,2024-01-14,2024-01-26,12.0,DESCENDING,48,S1A_IW_SLC__1SDV_20240114T000438_20240114T000505_052095_064BDC_0A40__S1A_IW_SLC__1SDV_20240126T000438_20240126T000505_052270_0651B8_0AF7,CANDIDATE
S1A_IW_SLC__1SDV_20240114T000438_20240114T000505_052095_064BDC_0A40,S1A_IW_SLC__1SDV_20240207T000438_20240207T000505_052445_0657A8_3A6C,2024-01-14,2024-02-07,24.0,DESCENDING,48,S1A_IW_SLC__1SDV_20240114T000438_20240114T000505_052095_064BDC_0A40__S1A_IW_SLC__1SDV_20240207T000438_20240207T000505_052445_0657A8_3A6C,CANDIDATE
S1A_IW_SLC__1SDV_20240126T000438_20240126T000505_052270_0651B8_0AF7,S1A_IW_SLC__1SDV_20240207T000438_20240207T000505_052445_0657A8_3A6C,2024-01-26,2024-02-07,12.0,DESCENDING,48,S1A_IW_SLC__1SDV_20240126T000438_20240126T000505_052270_0651B8_0AF7__S1A_IW_SLC__1SDV_20240207T000438_20240207T000505_052445_0657A8_3A6C,CANDIDATE
S1A_IW_SLC__1SDV_20240207T000438_20240207T000505_052445_0657A8_3A6C,S1A_IW_SLC__1SDV_20240302T000438_20240302T000505_052795_06638E_27F6,2024-02-07,2024-03-02,24.0,DESCENDING,48,S1A_IW_SLC__1SDV_20240207T000438_20240207T000505_052445_0657A8_3A6C__S1A_IW_SLC__1SDV_20240302T000438_20240302T000505_052795_06638E_27F6,CANDIDATE
S1A_IW_SLC__1SDV_20240302T000438_20240302T000505_052795_06638E_27F6,S1A_IW_SLC__1SDV_20240314T000438_20240314T000505_052970_066981_ABD6,2024-03-02,2024-03-14,12.0,DESCENDING,48,S1A_IW_SLC__1SDV_20240302T000438_20240302T000505_052795_06638E_27F6__S1A_IW_SLC__1SDV_20240314T000438_20240314T000505_052970_066981_ABD6,CANDIDATE
S1A_IW_SLC__1SDV_20240302T000438_20240302T000505_052795_06638E_27F6,S1A_IW_SLC__1SDV_20240326T000438_20240326T000505_053145_067032_559C,2024-03-02,2024-03-26,24.0,DESCENDING,48,S1A_IW_SLC__1SDV_20240302T000438_20240302T000505_052795_06638E_27F6__S1A_IW_SLC__1SDV_20240326T000438_20240326T000505_053145_067032_559C,CANDIDATE
S1A_IW_SLC__1SDV_20240314T000438_20240314T000505_052970_066981_ABD6,S1A_IW_SLC__1SDV_20240326T000438_20240326T000505_053145_067032_559C,2024-03-14,2024-03-26,12.0,DESCENDING,48,S1A_IW_SLC__1SDV_20240314T000438_20240314T000505_052970_066981_ABD6__S1A_IW_SLC__1SDV_20240326T000438_20240326T000505_053145_067032_559C,CANDIDATE
S1A_IW_SLC__1SDV_20240314T000438_20240314T000505_052970_066981_ABD6,S1A_IW_SLC__1SDV_20240407T000438_20240407T000506_053320_0676E0_503C,2024-03-14,2024-04-07,24.0,DESCENDING,48,S1A_IW_SLC__1SDV_20240314T000438_20240314T000505_052970_066981_ABD6__S1A_IW_SLC__1SDV_20240407T000438_20240407T000506_053320_0676E0_503C,CANDIDATE
S1A_IW_SLC__1SDV_20240326T000438_20240326T000505_053145_067032_559C,S1A_IW_SLC__1SDV_20240407T000438_20240407T000506_053320_0676E0_503C,2024-03-26,2024-04-07,12.0,DESCENDING,48,S1A_IW_SLC__1SDV_20240326T000438_20240326T000505_053145_067032_559C__S1A_IW_SLC__1SDV_20240407T000438_20240407T000506_053320_0676E0_503C,CANDIDATE
S1A_IW_SLC__1SDV_20240407T000438_20240407T000506_053320_0676E0_503C,S1A_IW_SLC__1SDV_20240419T000439_20240419T000506_053495_067DD4_1C3F,2024-04-07,2024-04-19,12.0,DESCENDING,48,S1A_IW_SLC__1SDV_20240407T000438_20240407T000506_053320_0676E0_503C__S1A_IW_SLC__1SDV_20240419T000439_20240419T000506_053495_067DD4_1C3F,CANDIDATE
S1A_IW_SLC__1SDV_20240419T000439_20240419T000506_053495_067DD4_1C3F,S1A_IW_SLC__1SDV_20240501T000439_20240501T000506_053670_0684AE_4F43,2024-04-19,2024-05-01,12.0,DESCENDING,48,S1A_IW_SLC__1SDV_20240419T000439_20240419T000506_053495_067DD4_1C3F__S1A_IW_SLC__1SDV_20240501T000439_20240501T000506_053670_0684AE_4F43,CANDIDATE
S1A_IW_SLC__1SDV_20240501T000439_20240501T000506_053670_0684AE_4F43,S1A_IW_SLC__1SDV_20240525T000439_20240525T000506_054020_069143_541D,2024-05-01,2024-05-25,24.0,DESCENDING,48,S1A_IW_SLC__1SDV_20240501T000439_20240501T000506_053670_0684AE_4F43__S1A_IW_SLC__1SDV_20240525T000439_20240525T000506_054020_069143_541D,CANDIDATE
S1A_IW_SLC__1SDV_20240525T000439_20240525T000506_054020_069143_541D,S1A_IW_SLC__1SDV_20240606T000438_20240606T000505_054195_06974D_FCBA,2024-05-25,2024-06-06,12.0,DESCENDING,48,S1A_IW_SLC__1SDV_20240525T000439_20240525T000506_054020_069143_541D__S1A_IW_SLC__1SDV_20240606T000438_20240606T000505_054195_06974D_FCBA,CANDIDATE
S1A_IW_SLC__1SDV_20240525T000439_20240525T000506_054020_069143_541D,S1A_IW_SLC__1SDV_20240618T000438_20240618T000505_054370_069D59_9296,2024-05-25,2024-06-18,24.0,DESCENDING,48,S1A_IW_SLC__1SDV_20240525T000439_20240525T000506_054020_069143_541D__S1A_IW_SLC__1SDV_20240618T000438_20240618T000505_054370_069D59_9296,CANDIDATE
S1A_IW_SLC__1SDV_20240606T000438_20240606T000505_054195_06974D_FCBA,S1A_IW_SLC__1SDV_20240618T000438_20240618T000505_054370_069D59_9296,2024-06-06,2024-06-18,12.0,DESCENDING,48,S1A_IW_SLC__1SDV_20240606T000438_20240606T000505_054195_06974D_FCBA__S1A_IW_SLC__1SDV_20240618T000438_20240618T000505_054370_069D59_9296,CANDIDATE
S1A_IW_SLC__1SDV_20240618T000438_20240618T000505_054370_069D59_9296,S1A_IW_SLC__1SDV_20240712T000437_20240712T000504_054720_06A984_7A89,2024-06-18,2024-07-12,24.0,DESCENDING,48,S1A_IW_SLC__1SDV_20240618T000438_20240618T000505_054370_069D59_9296__S1A_IW_SLC__1SDV_20240712T000437_20240712T000504_054720_06A984_7A89,CANDIDATE
S1A_IW_SLC__1SDV_20240712T000437_20240712T000504_054720_06A984_7A89,S1A_IW_SLC__1SDV_20240724T000437_20240724T000504_054895_06AF99_32B0,2024-07-12,2024-07-24,12.0,DESCENDING,48,S1A_IW_SLC__1SDV_20240712T000437_20240712T000504_054720_06A984_7A89__S1A_IW_SLC__1SDV_20240724T000437_20240724T000504_054895_06AF99_32B0,CANDIDATE
S1A_IW_SLC__1SDV_20240712T000437_20240712T000504_054720_06A984_7A89,S1A_IW_SLC__1SDV_20240805T000437_20240805T000504_055070_06B5A2_5C63,2024-07-12,2024-08-05,24.0,DESCENDING,48,S1A_IW_SLC__1SDV_20240712T000437_20240712T000504_054720_06A984_7A89__S1A_IW_SLC__1SDV_20240805T000437_20240805T000504_055070_06B5A2_5C63,CANDIDATE
S1A_IW_SLC__1SDV_20240724T000437_20240724T000504_054895_06AF99_32B0,S1A_IW_SLC__1SDV_20240805T000437_20240805T000504_055070_06B5A2_5C63,2024-07-24,2024-08-05,12.0,DESCENDING,48,S1A_IW_SLC__1SDV_20240724T000437_20240724T000504_054895_06AF99_32B0__S1A_IW_SLC__1SDV_20240805T000437_20240805T000504_055070_06B5A2_5C63,CANDIDATE
S1A_IW_SLC__1SDV_20240724T000437_20240724T000504_054895_06AF99_32B0,S1A_IW_SLC__1SDV_20240817T000436_20240817T000504_055245_06BC09_4B0F,2024-07-24,2024-08-17,24.0,DESCENDING,48,S1A_IW_SLC__1SDV_20240724T000437_20240724T000504_054895_06AF99_32B0__S1A_IW_SLC__1SDV_20240817T000436_20240817T000504_055245_06BC09_4B0F,CANDIDATE
S1A_IW_SLC__1SDV_20240805T000437_20240805T000504_055070_06B5A2_5C63,S1A_IW_SLC__1SDV_20240817T000436_20240817T000504_055245_06BC09_4B0F,2024-08-05,2024-08-17,12.0,DESCENDING,48,S1A_IW_SLC__1SDV_20240805T000437_20240805T000504_055070_06B5A2_5C63__S1A_IW_SLC__1SDV_20240817T000436_20240817T000504_055245_06BC09_4B0F,CANDIDATE
S1A_IW_SLC__1SDV_20240805T000437_20240805T000504_055070_06B5A2_5C63,S1A_IW_SLC__1SDV_20240829T000437_20240829T000504_055420_06C27C_BAF4,2024-08-05,2024-08-29,24.0,DESCENDING,48,S1A_IW_SLC__1SDV_20240805T000437_20240805T000504_055070_06B5A2_5C63__S1A_IW_SLC__1SDV_20240829T000437_20240829T000504_055420_06C27C_BAF4,CANDIDATE
S1A_IW_SLC__1SDV_20240817T000436_20240817T000504_055245_06BC09_4B0F,S1A_IW_SLC__1SDV_20240829T000437_20240829T000504_055420_06C27C_BAF4,2024-08-17,2024-08-29,12.0,DESCENDING,48,S1A_IW_SLC__1SDV_20240817T000436_20240817T000504_055245_06BC09_4B0F__S1A_IW_SLC__1SDV_20240829T000437_20240829T000504_055420_06C27C_BAF4,CANDIDATE
S1A_IW_SLC__1SDV_20240829T000437_20240829T000504_055420_06C27C_BAF4,S1A_IW_SLC__1SDV_20240910T000437_20240910T000504_055595_06C947_9810,2024-08-29,2024-09-10,12.0,DESCENDING,48,S1A_IW_SLC__1SDV_20240829T000437_20240829T000504_055420_06C27C_BAF4__S1A_IW_SLC__1SDV_20240910T000437_20240910T000504_055595_06C947_9810,CANDIDATE
S1A_IW_SLC__1SDV_20240829T000437_20240829T000504_055420_06C27C_BAF4,S1A_IW_SLC__1SDV_20240922T000437_20240922T000505_055770_06D027_86EC,2024-08-29,2024-09-22,24.0,DESCENDING,48,S1A_IW_SLC__1SDV_20240829T000437_20240829T000504_055420_06C27C_BAF4__S1A_IW_SLC__1SDV_20240922T000437_20240922T000505_055770_06D027_86EC,CANDIDATE
S1A_IW_SLC__1SDV_20240910T000437_20240910T000504_055595_06C947_9810,S1A_IW_SLC__1SDV_20240922T000437_20240922T000505_055770_06D027_86EC,2024-09-10,2024-09-22,12.0,DESCENDING,48,S1A_IW_SLC__1SDV_20240910T000437_20240910T000504_055595_06C947_9810__S1A_IW_SLC__1SDV_20240922T000437_20240922T000505_055770_06D027_86EC,CANDIDATE
S1A_IW_SLC__1SDV_20240922T000437_20240922T000505_055770_06D027_86EC,S1A_IW_SLC__1SDV_20241004T000438_20241004T000505_055945_06D71E_3635,2024-09-22,2024-10-04,12.0,DESCENDING,48,S1A_IW_SLC__1SDV_20240922T000437_20240922T000505_055770_06D027_86EC__S1A_IW_SLC__1SDV_20241004T000438_20241004T000505_055945_06D71E_3635,CANDIDATE
S1A_IW_SLC__1SDV_20241004T000438_20241004T000505_055945_06D71E_3635,S1A_IW_SLC__1SDV_20241016T000438_20241016T000505_056120_06DDFB_E023,2024-10-04,2024-10-16,12.0,DESCENDING,48,S1A_IW_SLC__1SDV_20241004T000438_20241004T000505_055945_06D71E_3635__S1A_IW_SLC__1SDV_20241016T000438_20241016T000505_056120_06DDFB_E023,CANDIDATE
S1A_IW_SLC__1SDV_20241004T000438_20241004T000505_055945_06D71E_3635,S1A_IW_SLC__1SDV_20241028T000438_20241028T000505_056295_06E4F0_FAE3,2024-10-04,2024-10-28,24.0,DESCENDING,48,S1A_IW_SLC__1SDV_20241004T000438_20241004T000505_055945_06D71E_3635__S1A_IW_SLC__1SDV_20241028T000438_20241028T000505_056295_06E4F0_FAE3,CANDIDATE
S1A_IW_SLC__1SDV_20241016T000438_20241016T000505_056120_06DDFB_E023,S1A_IW_SLC__1SDV_20241028T000438_20241028T000505_056295_06E4F0_FAE3,2024-10-16,2024-10-28,12.0,DESCENDING,48,S1A_IW_SLC__1SDV_20241016T000438_20241016T000505_056120_06DDFB_E023__S1A_IW_SLC__1SDV_20241028T000438_20241028T000505_056295_06E4F0_FAE3,CANDIDATE
S1A_IW_SLC__1SDV_20241016T000438_20241016T000505_056120_06DDFB_E023,S1A_IW_SLC__1SDV_20241109T000438_20241109T000505_056470_06EBDB_4CA7,2024-10-16,2024-11-09,24.0,DESCENDING,48,S1A_IW_SLC__1SDV_20241016T000438_20241016T000505_056120_06DDFB_E023__S1A_IW_SLC__1SDV_20241109T000438_20241109T000505_056470_06EBDB_4CA7,CANDIDATE
S1A_IW_SLC__1SDV_20241028T000438_20241028T000505_056295_06E4F0_FAE3,S1A_IW_SLC__1SDV_20241109T000438_20241109T000505_056470_06EBDB_4CA7,2024-10-28,2024-11-09,12.0,DESCENDING,48,S1A_IW_SLC__1SDV_20241028T000438_20241028T000505_056295_06E4F0_FAE3__S1A_IW_SLC__1SDV_20241109T000438_20241109T000505_056470_06EBDB_4CA7,CANDIDATE
S1A_IW_SLC__1SDV_20241028T000438_20241028T000505_056295_06E4F0_FAE3,S1A_IW_SLC__1SDV_20241121T000437_20241121T000504_056645_06F2E5_34A0,2024-10-28,2024-11-21,24.0,DESCENDING,48,S1A_IW_SLC__1SDV_20241028T000438_20241028T000505_056295_06E4F0_FAE3__S1A_IW_SLC__1SDV_20241121T000437_20241121T000504_056645_06F2E5_34A0,CANDIDATE
S1A_IW_SLC__1SDV_20241109T000438_20241109T000505_056470_06EBDB_4CA7,S1A_IW_SLC__1SDV_20241121T000437_20241121T000504_056645_06F2E5_34A0,2024-11-09,2024-11-21,12.0,DESCENDING,48,S1A_IW_SLC__1SDV_20241109T000438_20241109T000505_056470_06EBDB_4CA7__S1A_IW_SLC__1SDV_20241121T000437_20241121T000504_056645_06F2E5_34A0,CANDIDATE
S1A_IW_SLC__1SDV_20241109T000438_20241109T000505_056470_06EBDB_4CA7,S1A_IW_SLC__1SDV_20241203T000436_20241203T000503_056820_06F9D4_299C,2024-11-09,2024-12-03,24.0,DESCENDING,48,S1A_IW_SLC__1SDV_20241109T000438_20241109T000505_056470_06EBDB_4CA7__S1A_IW_SLC__1SDV_20241203T000436_20241203T000503_056820_06F9D4_299C,CANDIDATE
S1A_IW_SLC__1SDV_20241121T000437_20241121T000504_056645_06F2E5_34A0,S1A_IW_SLC__1SDV_20241203T000436_20241203T000503_056820_06F9D4_299C,2024-11-21,2024-12-03,12.0,DESCENDING,48,S1A_IW_SLC__1SDV_20241121T000437_20241121T000504_056645_06F2E5_34A0__S1A_IW_SLC__1SDV_20241203T000436_20241203T000503_056820_06F9D4_299C,CANDIDATE
S1A_IW_SLC__1SDV_20241121T000437_20241121T000504_056645_06F2E5_34A0,S1A_IW_SLC__1SDV_20241215T000435_20241215T000502_056995_0700B5_E39C,2024-11-21,2024-12-15,24.0,DESCENDING,48,S1A_IW_SLC__1SDV_20241121T000437_20241121T000504_056645_06F2E5_34A0__S1A_IW_SLC__1SDV_20241215T000435_20241215T000502_056995_0700B5_E39C,CANDIDATE
S1A_IW_SLC__1SDV_20241203T000436_20241203T000503_056820_06F9D4_299C,S1A_IW_SLC__1SDV_20241215T000435_20241215T000502_056995_0700B5_E39C,2024-12-03,2024-12-15,12.0,DESCENDING,48,S1A_IW_SLC__1SDV_20241203T000436_20241203T000503_056820_06F9D4_299C__S1A_IW_SLC__1SDV_20241215T000435_20241215T000502_056995_0700B5_E39C,CANDIDATE
S1A_IW_SLC__1SDV_20241203T000436_20241203T000503_056820_06F9D4_299C,S1A_IW_SLC__1SDV_20241227T000434_20241227T000501_057170_0707B2_01AB,2024-12-03,2024-12-27,24.0,DESCENDING,48,S1A_IW_SLC__1SDV_20241203T000436_20241203T000503_056820_06F9D4_299C__S1A_IW_SLC__1SDV_20241227T000434_20241227T000501_057170_0707B2_01AB,CANDIDATE
S1A_IW_SLC__1SDV_20241215T000435_20241215T000502_056995_0700B5_E39C,S1A_IW_SLC__1SDV_20241227T000434_20241227T000501_057170_0707B2_01AB,2024-12-15,2024-12-27,12.0,DESCENDING,48,S1A_IW_SLC__1SDV_20241215T000435_20241215T000502_056995_0700B5_E39C__S1A_IW_SLC__1SDV_20241227T000434_20241227T000501_057170_0707B2_01AB,CANDIDATE
S1A_IW_SLC__1SDV_20241215T000435_20241215T000502_056995_0700B5_E39C,S1A_IW_SLC__1SDV_20250108T000433_20250108T000500_057345_070E97_2270,2024-12-15,2025-01-08,24.0,DESCENDING,48,S1A_IW_SLC__1SDV_20241215T000435_20241215T000502_056995_0700B5_E39C__S1A_IW_SLC__1SDV_20250108T000433_20250108T000500_057345_070E97_2270,CANDIDATE
S1A_IW_SLC__1SDV_20241227T000434_20241227T000501_057170_0707B2_01AB,S1A_IW_SLC__1SDV_20250108T000433_20250108T000500_057345_070E97_2270,2024-12-27,2025-01-08,12.0,DESCENDING,48,S1A_IW_SLC__1SDV_20241227T000434_20241227T000501_057170_0707B2_01AB__S1A_IW_SLC__1SDV_20250108T000433_20250108T000500_057345_070E97_2270,CANDIDATE
S1A_IW_SLC__1SDV_20241227T000434_20241227T000501_057170_0707B2_01AB,S1A_IW_SLC__1SDV_20250120T000432_20250120T000459_057520_071583_E5BE,2024-12-27,2025-01-20,24.0,DESCENDING,48,S1A_IW_SLC__1SDV_20241227T000434_20241227T000501_057170_0707B2_01AB__S1A_IW_SLC__1SDV_20250120T000432_20250120T000459_057520_071583_E5BE,CANDIDATE
S1A_IW_SLC__1SDV_20250108T000433_20250108T000500_057345_070E97_2270,S1A_IW_SLC__1SDV_20250201T000431_20250201T000458_057695_071C75_2940,2025-01-08,2025-02-01,24.0,DESCENDING,48,S1A_IW_SLC__1SDV_20250108T000433_20250108T000500_057345_070E97_2270__S1A_IW_SLC__1SDV_20250201T000431_20250201T000458_057695_071C75_2940,CANDIDATE
S1A_IW_SLC__1SDV_20250120T000432_20250120T000459_057520_071583_E5BE,S1A_IW_SLC__1SDV_20250201T000431_20250201T000458_057695_071C75_2940,2025-01-20,2025-02-01,12.0,DESCENDING,48,S1A_IW_SLC__1SDV_20250120T000432_20250120T000459_057520_071583_E5BE__S1A_IW_SLC__1SDV_20250201T000431_20250201T000458_057695_071C75_2940,CANDIDATE
S1A_IW_SLC__1SDV_20250120T000432_20250120T000459_057520_071583_E5BE,S1A_IW_SLC__1SDV_20250213T000431_20250213T000458_057870_07236F_0C69,2025-01-20,2025-02-13,24.0,DESCENDING,48,S1A_IW_SLC__1SDV_20250120T000432_20250120T000459_057520_071583_E5BE__S1A_IW_SLC__1SDV_20250213T000431_20250213T000458_057870_07236F_0C69,CANDIDATE
S1A_IW_SLC__1SDV_20250201T000431_20250201T000458_057695_071C75_2940,S1A_IW_SLC__1SDV_20250213T000431_20250213T000458_057870_07236F_0C69,2025-02-01,2025-02-13,12.0,DESCENDING,48,S1A_IW_SLC__1SDV_20250201T000431_20250201T000458_057695_071C75_2940__S1A_IW_SLC__1SDV_20250213T000431_20250213T000458_057870_07236F_0C69,CANDIDATE
S1A_IW_SLC__1SDV_20250201T000431_20250201T000458_057695_071C75_2940,S1A_IW_SLC__1SDV_20250225T000431_20250225T000458_058045_072A96_C08F,2025-02-01,2025-02-25,24.0,DESCENDING,48,S1A_IW_SLC__1SDV_20250201T000431_20250201T000458_057695_071C75_2940__S1A_IW_SLC__1SDV_20250225T000431_20250225T000458_058045_072A96_C08F,CANDIDATE
S1A_IW_SLC__1SDV_20250213T000431_20250213T000458_057870_07236F_0C69,S1A_IW_SLC__1SDV_20250225T000431_20250225T000458_058045_072A96_C08F,2025-02-13,2025-02-25,12.0,DESCENDING,48,S1A_IW_SLC__1SDV_20250213T000431_20250213T000458_057870_07236F_0C69__S1A_IW_SLC__1SDV_20250225T000431_20250225T000458_058045_072A96_C08F,CANDIDATE
S1A_IW_SLC__1SDV_20250225T000431_20250225T000458_058045_072A96_C08F,S1A_IW_SLC__1SDV_20250321T000431_20250321T000458_058395_0738A4_3893,2025-02-25,2025-03-21,24.0,DESCENDING,48,S1A_IW_SLC__1SDV_20250225T000431_20250225T000458_058045_072A96_C08F__S1A_IW_SLC__1SDV_20250321T000431_20250321T000458_058395_0738A4_3893,CANDIDATE
S1A_IW_SLC__1SDV_20250321T000431_20250321T000458_058395_0738A4_3893,S1A_IW_SLC__1SDV_20250402T000431_20250402T000459_058570_073FA9_572B,2025-03-21,2025-04-02,12.0,DESCENDING,48,S1A_IW_SLC__1SDV_20250321T000431_20250321T000458_058395_0738A4_3893__S1A_IW_SLC__1SDV_20250402T000431_20250402T000459_058570_073FA9_572B,CANDIDATE
S1A_IW_SLC__1SDV_20250321T000431_20250321T000458_058395_0738A4_3893,S1A_IW_SLC__1SDV_20250414T000431_20250414T000458_058745_0746D8_756A,2025-03-21,2025-04-14,24.0,DESCENDING,48,S1A_IW_SLC__1SDV_20250321T000431_20250321T000458_058395_0738A4_3893__S1A_IW_SLC__1SDV_20250414T000431_20250414T000458_058745_0746D8_756A,CANDIDATE
S1A_IW_SLC__1SDV_20250402T000431_20250402T000459_058570_073FA9_572B,S1A_IW_SLC__1SDV_20250414T000431_20250414T000458_058745_0746D8_756A,2025-04-02,2025-04-14,12.0,DESCENDING,48,S1A_IW_SLC__1SDV_20250402T000431_20250402T000459_058570_073FA9_572B__S1A_IW_SLC__1SDV_20250414T000431_20250414T000458_058745_0746D8_756A,CANDIDATE
S1A_IW_SLC__1SDV_20250414T000431_20250414T000458_058745_0746D8_756A,S1A_IW_SLC__1SDV_20250508T000431_20250508T000458_059095_0754E8_BCF1,2025-04-14,2025-05-08,24.0,DESCENDING,48,S1A_IW_SLC__1SDV_20250414T000431_20250414T000458_058745_0746D8_756A__S1A_IW_SLC__1SDV_20250508T000431_20250508T000458_059095_0754E8_BCF1,CANDIDATE
S1A_IW_SLC__1SDV_20250508T000431_20250508T000458_059095_0754E8_BCF1,S1A_IW_SLC__1SDV_20250601T000431_20250601T000458_059445_076109_473A,2025-05-08,2025-06-01,24.0,DESCENDING,48,S1A_IW_SLC__1SDV_20250508T000431_20250508T000458_059095_0754E8_BCF1__S1A_IW_SLC__1SDV_20250601T000431_20250601T000458_059445_076109_473A,CANDIDATE
S1A_IW_SLC__1SDV_20250601T000431_20250601T000458_059445_076109_473A,S1A_IW_SLC__1SDV_20250625T000429_20250625T000456_059795_076D0D_75C7,2025-06-01,2025-06-25,24.0,DESCENDING,48,S1A_IW_SLC__1SDV_20250601T000431_20250601T000458_059445_076109_473A__S1A_IW_SLC__1SDV_20250625T000429_20250625T000456_059795_076D0D_75C7,CANDIDATE
S1A_IW_SLC__1SDV_20250625T000429_20250625T000456_059795_076D0D_75C7,S1A_IW_SLC__1SDV_20250707T000429_20250707T000456_059970_07731E_9DCA,2025-06-25,2025-07-07,12.0,DESCENDING,48,S1A_IW_SLC__1SDV_20250625T000429_20250625T000456_059795_076D0D_75C7__S1A_IW_SLC__1SDV_20250707T000429_20250707T000456_059970_07731E_9DCA,CANDIDATE
S1A_IW_SLC__1SDV_20250625T000429_20250625T000456_059795_076D0D_75C7,S1A_IW_SLC__1SDV_20250719T000428_20250719T000455_060145_077923_2E2A,2025-06-25,2025-07-19,24.0,DESCENDING,48,S1A_IW_SLC__1SDV_20250625T000429_20250625T000456_059795_076D0D_75C7__S1A_IW_SLC__1SDV_20250719T000428_20250719T000455_060145_077923_2E2A,CANDIDATE
S1A_IW_SLC__1SDV_20250707T000429_20250707T000456_059970_07731E_9DCA,S1A_IW_SLC__1SDV_20250719T000428_20250719T000455_060145_077923_2E2A,2025-07-07,2025-07-19,12.0,DESCENDING,48,S1A_IW_SLC__1SDV_20250707T000429_20250707T000456_059970_07731E_9DCA__S1A_IW_SLC__1SDV_20250719T000428_20250719T000455_060145_077923_2E2A,CANDIDATE
S1A_IW_SLC__1SDV_20250719T000428_20250719T000455_060145_077923_2E2A,S1A_IW_SLC__1SDV_20250731T000430_20250731T000457_060320_077F24_0884,2025-07-19,2025-07-31,12.0,DESCENDING,48,S1A_IW_SLC__1SDV_20250719T000428_20250719T000455_060145_077923_2E2A__S1A_IW_SLC__1SDV_20250731T000430_20250731T000457_060320_077F24_0884,CANDIDATE
S1A_IW_SLC__1SDV_20250719T000428_20250719T000455_060145_077923_2E2A,S1A_IW_SLC__1SDV_20250812T000427_20250812T000454_060495_07859A_435E,2025-07-19,2025-08-12,24.0,DESCENDING,48,S1A_IW_SLC__1SDV_20250719T000428_20250719T000455_060145_077923_2E2A__S1A_IW_SLC__1SDV_20250812T000427_20250812T000454_060495_07859A_435E,CANDIDATE
S1A_IW_SLC__1SDV_20250731T000430_20250731T000457_060320_077F24_0884,S1A_IW_SLC__1SDV_20250824T000427_20250824T000454_060670_078C7D_577D,2025-07-31,2025-08-24,24.0,DESCENDING,48,S1A_IW_SLC__1SDV_20250731T000430_20250731T000457_060320_077F24_0884__S1A_IW_SLC__1SDV_20250824T000427_20250824T000454_060670_078C7D_577D,CANDIDATE
S1A_IW_SLC__1SDV_20250812T000427_20250812T000454_060495_07859A_435E,S1A_IW_SLC__1SDV_20250824T000427_20250824T000454_060670_078C7D_577D,2025-08-12,2025-08-24,12.0,DESCENDING,48,S1A_IW_SLC__1SDV_20250812T000427_20250812T000454_060495_07859A_435E__S1A_IW_SLC__1SDV_20250824T000427_20250824T000454_060670_078C7D_577D,CANDIDATE
S1A_IW_SLC__1SDV_20250812T000427_20250812T000454_060495_07859A_435E,S1A_IW_SLC__1SDV_20250905T000427_20250905T000454_060845_07936C_92C3,2025-08-12,2025-09-05,24.0,DESCENDING,48,S1A_IW_SLC__1SDV_20250812T000427_20250812T000454_060495_07859A_435E__S1A_IW_SLC__1SDV_20250905T000427_20250905T000454_060845_07936C_92C3,CANDIDATE
S1A_IW_SLC__1SDV_20250824T000427_20250824T000454_060670_078C7D_577D,S1A_IW_SLC__1SDV_20250905T000427_20250905T000454_060845_07936C_92C3,2025-08-24,2025-09-05,12.0,DESCENDING,48,S1A_IW_SLC__1SDV_20250824T000427_20250824T000454_060670_078C7D_577D__S1A_IW_SLC__1SDV_20250905T000427_20250905T000454_060845_07936C_92C3,CANDIDATE
S1A_IW_SLC__1SDV_20250824T000427_20250824T000454_060670_078C7D_577D,S1A_IW_SLC__1SDV_20250917T000427_20250917T000454_061020_079A6F_8A11,2025-08-24,2025-09-17,24.0,DESCENDING,48,S1A_IW_SLC__1SDV_20250824T000427_20250824T000454_060670_078C7D_577D__S1A_IW_SLC__1SDV_20250917T000427_20250917T000454_061020_079A6F_8A11,CANDIDATE
S1A_IW_SLC__1SDV_20250905T000427_20250905T000454_060845_07936C_92C3,S1A_IW_SLC__1SDV_20250917T000427_20250917T000454_061020_079A6F_8A11,2025-09-05,2025-09-17,12.0,DESCENDING,48,S1A_IW_SLC__1SDV_20250905T000427_20250905T000454_060845_07936C_92C3__S1A_IW_SLC__1SDV_20250917T000427_20250917T000454_061020_079A6F_8A11,CANDIDATE
S1A_IW_SLC__1SDV_20250905T000427_20250905T000454_060845_07936C_92C3,S1A_IW_SLC__1SDV_20250929T000427_20250929T000454_061195_07A17C_55CF,2025-09-05,2025-09-29,24.0,DESCENDING,48,S1A_IW_SLC__1SDV_20250905T000427_20250905T000454_060845_07936C_92C3__S1A_IW_SLC__1SDV_20250929T000427_20250929T000454_061195_07A17C_55CF,CANDIDATE
S1A_IW_SLC__1SDV_20250917T000427_20250917T000454_061020_079A6F_8A11,S1A_IW_SLC__1SDV_20250929T000427_20250929T000454_061195_07A17C_55CF,2025-09-17,2025-09-29,12.0,DESCENDING,48,S1A_IW_SLC__1SDV_20250917T000427_20250917T000454_061020_079A6F_8A11__S1A_IW_SLC__1SDV_20250929T000427_20250929T000454_061195_07A17C_55CF,CANDIDATE
S1A_IW_SLC__1SDV_20250929T000427_20250929T000454_061195_07A17C_55CF,S1A_IW_SLC__1SDV_20251011T000428_20251011T000455_061370_07A889_C192,2025-09-29,2025-10-11,12.0,DESCENDING,48,S1A_IW_SLC__1SDV_20250929T000427_20250929T000454_061195_07A17C_55CF__S1A_IW_SLC__1SDV_20251011T000428_20251011T000455_061370_07A889_C192,CANDIDATE
S1A_IW_SLC__1SDV_20251011T000428_20251011T000455_061370_07A889_C192,S1A_IW_SLC__1SDV_20251023T000428_20251023T000455_061545_07AF94_EDE6,2025-10-11,2025-10-23,12.0,DESCENDING,48,S1A_IW_SLC__1SDV_20251011T000428_20251011T000455_061370_07A889_C192__S1A_IW_SLC__1SDV_20251023T000428_20251023T000455_061545_07AF94_EDE6,CANDIDATE
S1A_IW_SLC__1SDV_20251011T000428_20251011T000455_061370_07A889_C192,S1A_IW_SLC__1SDV_20251104T000427_20251104T000454_061720_07B682_6FB3,2025-10-11,2025-11-04,24.0,DESCENDING,48,S1A_IW_SLC__1SDV_20251011T000428_20251011T000455_061370_07A889_C192__S1A_IW_SLC__1SDV_20251104T000427_20251104T000454_061720_07B682_6FB3,CANDIDATE
S1A_IW_SLC__1SDV_20251023T000428_20251023T000455_061545_07AF94_EDE6,S1A_IW_SLC__1SDV_20251104T000427_20251104T000454_061720_07B682_6FB3,2025-10-23,2025-11-04,12.0,DESCENDING,48,S1A_IW_SLC__1SDV_20251023T000428_20251023T000455_061545_07AF94_EDE6__S1A_IW_SLC__1SDV_20251104T000427_20251104T000454_061720_07B682_6FB3,CANDIDATE
S1A_IW_SLC__1SDV_20251023T000428_20251023T000455_061545_07AF94_EDE6,S1A_IW_SLC__1SDV_20251116T000427_20251116T000454_061895_07BD4A_BB85,2025-10-23,2025-11-16,24.0,DESCENDING,48,S1A_IW_SLC__1SDV_20251023T000428_20251023T000455_061545_07AF94_EDE6__S1A_IW_SLC__1SDV_20251116T000427_20251116T000454_061895_07BD4A_BB85,CANDIDATE
S1A_IW_SLC__1SDV_20251104T000427_20251104T000454_061720_07B682_6FB3,S1A_IW_SLC__1SDV_20251116T000427_20251116T000454_061895_07BD4A_BB85,2025-11-04,2025-11-16,12.0,DESCENDING,48,S1A_IW_SLC__1SDV_20251104T000427_20251104T000454_061720_07B682_6FB3__S1A_IW_SLC__1SDV_20251116T000427_20251116T000454_061895_07BD4A_BB85,CANDIDATE
S1A_IW_SLC__1SDV_20251104T000427_20251104T000454_061720_07B682_6FB3,S1A_IW_SLC__1SDV_20251128T000426_20251128T000453_062070_07C422_5457,2025-11-04,2025-11-28,24.0,DESCENDING,48,S1A_IW_SLC__1SDV_20251104T000427_20251104T000454_061720_07B682_6FB3__S1A_IW_SLC__1SDV_20251128T000426_20251128T000453_062070_07C422_5457,CANDIDATE
S1A_IW_SLC__1SDV_20251116T000427_20251116T000454_061895_07BD4A_BB85,S1A_IW_SLC__1SDV_20251128T000426_20251128T000453_062070_07C422_5457,2025-11-16,2025-11-28,12.0,DESCENDING,48,S1A_IW_SLC__1SDV_20251116T000427_20251116T000454_061895_07BD4A_BB85__S1A_IW_SLC__1SDV_20251128T000426_20251128T000453_062070_07C422_5457,CANDIDATE
S1A_IW_SLC__1SDV_20251116T000427_20251116T000454_061895_07BD4A_BB85,S1A_IW_SLC__1SDV_20251210T000425_20251210T000452_062245_07CB00_5C61,2025-11-16,2025-12-10,24.0,DESCENDING,48,S1A_IW_SLC__1SDV_20251116T000427_20251116T000454_061895_07BD4A_BB85__S1A_IW_SLC__1SDV_20251210T000425_20251210T000452_062245_07CB00_5C61,CANDIDATE
S1A_IW_SLC__1SDV_20251128T000426_20251128T000453_062070_07C422_5457,S1A_IW_SLC__1SDV_20251210T000425_20251210T000452_062245_07CB00_5C61,2025-11-28,2025-12-10,12.0,DESCENDING,48,S1A_IW_SLC__1SDV_20251128T000426_20251128T000453_062070_07C422_5457__S1A_IW_SLC__1SDV_20251210T000425_20251210T000452_062245_07CB00_5C61,CANDIDATE
S1A_IW_SLC__1SDV_20251128T000426_20251128T000453_062070_07C422_5457,S1A_IW_SLC__1SDV_20251222T000423_20251222T000450_062420_07D1C5_3038,2025-11-28,2025-12-22,24.0,DESCENDING,48,S1A_IW_SLC__1SDV_20251128T000426_20251128T000453_062070_07C422_5457__S1A_IW_SLC__1SDV_20251222T000423_20251222T000450_062420_07D1C5_3038,CANDIDATE
S1A_IW_SLC__1SDV_20251210T000425_20251210T000452_062245_07CB00_5C61,S1A_IW_SLC__1SDV_20260103T000422_20260103T000449_062595_07D88A_717D,2025-12-10,2026-01-03,24.0,DESCENDING,48,S1A_IW_SLC__1SDV_20251210T000425_20251210T000452_062245_07CB00_5C61__S1A_IW_SLC__1SDV_20260103T000422_20260103T000449_062595_07D88A_717D,CANDIDATE
S1A_IW_SLC__1SDV_20251222T000423_20251222T000450_062420_07D1C5_3038,S1A_IW_SLC__1SDV_20260103T000422_20260103T000449_062595_07D88A_717D,2025-12-22,2026-01-03,12.0,DESCENDING,48,S1A_IW_SLC__1SDV_20251222T000423_20251222T000450_062420_07D1C5_3038__S1A_IW_SLC__1SDV_20260103T000422_20260103T000449_062595_07D88A_717D,CANDIDATE
S1A_IW_SLC__1SDV_20251222T000423_20251222T000450_062420_07D1C5_3038,S1A_IW_SLC__1SDV_20260115T000421_20260115T000448_062770_07DF47_DCA4,2025-12-22,2026-01-15,24.0,DESCENDING,48,S1A_IW_SLC__1SDV_20251222T000423_20251222T000450_062420_07D1C5_3038__S1A_IW_SLC__1SDV_20260115T000421_20260115T000448_062770_07DF47_DCA4,CANDIDATE
S1A_IW_SLC__1SDV_20260103T000422_20260103T000449_062595_07D88A_717D,S1A_IW_SLC__1SDV_20260115T000421_20260115T000448_062770_07DF47_DCA4,2026-01-03,2026-01-15,12.0,DESCENDING,48,S1A_IW_SLC__1SDV_20260103T000422_20260103T000449_062595_07D88A_717D__S1A_IW_SLC__1SDV_20260115T000421_20260115T000448_062770_07DF47_DCA4,CANDIDATE
S1A_IW_SLC__1SDV_20260103T000422_20260103T000449_062595_07D88A_717D,S1A_IW_SLC__1SDV_20260127T000420_20260127T000447_062945_07E596_57B1,2026-01-03,2026-01-27,24.0,DESCENDING,48,S1A_IW_SLC__1SDV_20260103T000422_20260103T000449_062595_07D88A_717D__S1A_IW_SLC__1SDV_20260127T000420_20260127T000447_062945_07E596_57B1,CANDIDATE
S1A_IW_SLC__1SDV_20260115T000421_20260115T000448_062770_07DF47_DCA4,S1A_IW_SLC__1SDV_20260127T000420_20260127T000447_062945_07E596_57B1,2026-01-15,2026-01-27,12.0,DESCENDING,48,S1A_IW_SLC__1SDV_20260115T000421_20260115T000448_062770_07DF47_DCA4__S1A_IW_SLC__1SDV_20260127T000420_20260127T000447_062945_07E596_57B1,CANDIDATE
S1A_IW_SLC__1SDV_20260115T000421_20260115T000448_062770_07DF47_DCA4,S1A_IW_SLC__1SDV_20260208T000419_20260208T000446_063120_07EC2E_D334,2026-01-15,2026-02-08,24.0,DESCENDING,48,S1A_IW_SLC__1SDV_20260115T000421_20260115T000448_062770_07DF47_DCA4__S1A_IW_SLC__1SDV_20260208T000419_20260208T000446_063120_07EC2E_D334,CANDIDATE
S1A_IW_SLC__1SDV_20260127T000420_20260127T000447_062945_07E596_57B1,S1A_IW_SLC__1SDV_20260208T000419_20260208T000446_063120_07EC2E_D334,2026-01-27,2026-02-08,12.0,DESCENDING,48,S1A_IW_SLC__1SDV_20260127T000420_20260127T000447_062945_07E596_57B1__S1A_IW_SLC__1SDV_20260208T000419_20260208T000446_063120_07EC2E_D334,CANDIDATE
S1A_IW_SLC__1SDV_20260127T000420_20260127T000447_062945_07E596_57B1,S1A_IW_SLC__1SDV_20260220T000419_20260220T000446_063295_07F2BA_C569,2026-01-27,2026-02-20,24.0,DESCENDING,48,S1A_IW_SLC__1SDV_20260127T000420_20260127T000447_062945_07E596_57B1__S1A_IW_SLC__1SDV_20260220T000419_20260220T000446_063295_07F2BA_C569,CANDIDATE
S1A_IW_SLC__1SDV_20260208T000419_20260208T000446_063120_07EC2E_D334,S1A_IW_SLC__1SDV_20260220T000419_20260220T000446_063295_07F2BA_C569,2026-02-08,2026-02-20,12.0,DESCENDING,48,S1A_IW_SLC__1SDV_20260208T000419_20260208T000446_063120_07EC2E_D334__S1A_IW_SLC__1SDV_20260220T000419_20260220T000446_063295_07F2BA_C569,CANDIDATE
S1A_IW_SLC__1SDV_20260208T000419_20260208T000446_063120_07EC2E_D334,S1A_IW_SLC__1SDV_20260304T000419_20260304T000446_063470_07F969_1729,2026-02-08,2026-03-04,24.0,DESCENDING,48,S1A_IW_SLC__1SDV_20260208T000419_20260208T000446_063120_07EC2E_D334__S1A_IW_SLC__1SDV_20260304T000419_20260304T000446_063470_07F969_1729,CANDIDATE
S1A_IW_SLC__1SDV_20260220T000419_20260220T000446_063295_07F2BA_C569,S1A_IW_SLC__1SDV_20260304T000419_20260304T000446_063470_07F969_1729,2026-02-20,2026-03-04,12.0,DESCENDING,48,S1A_IW_SLC__1SDV_20260220T000419_20260220T000446_063295_07F2BA_C569__S1A_IW_SLC__1SDV_20260304T000419_20260304T000446_063470_07F969_1729,CANDIDATE
S1A_IW_SLC__1SDV_20260220T000419_20260220T000446_063295_07F2BA_C569,S1A_IW_SLC__1SDV_20260316T000419_20260316T000446_063645_080007_901B,2026-02-20,2026-03-16,24.0,DESCENDING,48,S1A_IW_SLC__1SDV_20260220T000419_20260220T000446_063295_07F2BA_C569__S1A_IW_SLC__1SDV_20260316T000419_20260316T000446_063645_080007_901B,CANDIDATE
S1A_IW_SLC__1SDV_20260304T000419_20260304T000446_063470_07F969_1729,S1A_IW_SLC__1SDV_20260316T000419_20260316T000446_063645_080007_901B,2026-03-04,2026-03-16,12.0,DESCENDING,48,S1A_IW_SLC__1SDV_20260304T000419_20260304T000446_063470_07F969_1729__S1A_IW_SLC__1SDV_20260316T000419_20260316T000446_063645_080007_901B,CANDIDATE
S1A_IW_SLC__1SDV_20260304T000419_20260304T000446_063470_07F969_1729,S1A_IW_SLC__1SDV_20260328T000419_20260328T000446_063820_080691_E7F0,2026-03-04,2026-03-28,24.0,DESCENDING,48,S1A_IW_SLC__1SDV_20260304T000419_20260304T000446_063470_07F969_1729__S1A_IW_SLC__1SDV_20260328T000419_20260328T000446_063820_080691_E7F0,CANDIDATE
S1A_IW_SLC__1SDV_20260316T000419_20260316T000446_063645_080007_901B,S1A_IW_SLC__1SDV_20260328T000419_20260328T000446_063820_080691_E7F0,2026-03-16,2026-03-28,12.0,DESCENDING,48,S1A_IW_SLC__1SDV_20260316T000419_20260316T000446_063645_080007_901B__S1A_IW_SLC__1SDV_20260328T000419_20260328T000446_063820_080691_E7F0,CANDIDATE
S1A_IW_SLC__1SDV_20260316T000419_20260316T000446_063645_080007_901B,S1A_IW_SLC__1SDV_20260409T000419_20260409T000446_063995_080D18_4485,2026-03-16,2026-04-09,24.0,DESCENDING,48,S1A_IW_SLC__1SDV_20260316T000419_20260316T000446_063645_080007_901B__S1A_IW_SLC__1SDV_20260409T000419_20260409T000446_063995_080D18_4485,CANDIDATE
S1A_IW_SLC__1SDV_20260328T000419_20260328T000446_063820_080691_E7F0,S1A_IW_SLC__1SDV_20260409T000419_20260409T000446_063995_080D18_4485,2026-03-28,2026-04-09,12.0,DESCENDING,48,S1A_IW_SLC__1SDV_20260328T000419_20260328T000446_063820_080691_E7F0__S1A_IW_SLC__1SDV_20260409T000419_20260409T000446_063995_080D18_4485,CANDIDATE
S1A_IW_SLC__1SDV_20260328T000419_20260328T000446_063820_080691_E7F0,S1A_IW_SLC__1SDV_20260421T000419_20260421T000446_064170_0813A6_5C41,2026-03-28,2026-04-21,24.0,DESCENDING,48,S1A_IW_SLC__1SDV_20260328T000419_20260328T000446_063820_080691_E7F0__S1A_IW_SLC__1SDV_20260421T000419_20260421T000446_064170_0813A6_5C41,CANDIDATE
S1A_IW_SLC__1SDV_20260409T000419_20260409T000446_063995_080D18_4485,S1A_IW_SLC__1SDV_20260421T000419_20260421T000446_064170_0813A6_5C41,2026-04-09,2026-04-21,12.0,DESCENDING,48,S1A_IW_SLC__1SDV_20260409T000419_20260409T000446_063995_080D18_4485__S1A_IW_SLC__1SDV_20260421T000419_20260421T000446_064170_0813A6_5C41,CANDIDATE
S1A_IW_SLC__1SDV_20260409T000419_20260409T000446_063995_080D18_4485,S1A_IW_SLC__1SDV_20260503T000419_20260503T000446_064345_081A1F_8865,2026-04-09,2026-05-03,24.0,DESCENDING,48,S1A_IW_SLC__1SDV_20260409T000419_20260409T000446_063995_080D18_4485__S1A_IW_SLC__1SDV_20260503T000419_20260503T000446_064345_081A1F_8865,CANDIDATE
S1A_IW_SLC__1SDV_20260421T000419_20260421T000446_064170_0813A6_5C41,S1A_IW_SLC__1SDV_20260503T000419_20260503T000446_064345_081A1F_8865,2026-04-21,2026-05-03,12.0,DESCENDING,48,S1A_IW_SLC__1SDV_20260421T000419_20260421T000446_064170_0813A6_5C41__S1A_IW_SLC__1SDV_20260503T000419_20260503T000446_064345_081A1F_8865,CANDIDATE
S1A_IW_SLC__1SDV_20260421T000419_20260421T000446_064170_0813A6_5C41,S1A_IW_SLC__1SDV_20260515T000418_20260515T000445_064520_082060_0C8E,2026-04-21,2026-05-15,24.0,DESCENDING,48,S1A_IW_SLC__1SDV_20260421T000419_20260421T000446_064170_0813A6_5C41__S1A_IW_SLC__1SDV_20260515T000418_20260515T000445_064520_082060_0C8E,CANDIDATE
S1A_IW_SLC__1SDV_20260503T000419_20260503T000446_064345_081A1F_8865,S1A_IW_SLC__1SDV_20260515T000418_20260515T000445_064520_082060_0C8E,2026-05-03,2026-05-15,12.0,DESCENDING,48,S1A_IW_SLC__1SDV_20260503T000419_20260503T000446_064345_081A1F_8865__S1A_IW_SLC__1SDV_20260515T000418_20260515T000445_064520_082060_0C8E,CANDIDATE
S1A_IW_SLC__1SDV_20260503T000419_20260503T000446_064345_081A1F_8865,S1A_IW_SLC__1SDV_20260527T000418_20260527T000445_064695_08267C_84B2,2026-05-03,2026-05-27,24.0,DESCENDING,48,S1A_IW_SLC__1SDV_20260503T000419_20260503T000446_064345_081A1F_8865__S1A_IW_SLC__1SDV_20260527T000418_20260527T000445_064695_08267C_84B2,CANDIDATE
S1A_IW_SLC__1SDV_20260515T000418_20260515T000445_064520_082060_0C8E,S1A_IW_SLC__1SDV_20260527T000418_20260527T000445_064695_08267C_84B2,2026-05-15,2026-05-27,12.0,DESCENDING,48,S1A_IW_SLC__1SDV_20260515T000418_20260515T000445_064520_082060_0C8E__S1A_IW_SLC__1SDV_20260527T000418_20260527T000445_064695_08267C_84B2,CANDIDATE
S1A_IW_SLC__1SDV_20260515T000418_20260515T000445_064520_082060_0C8E,S1A_IW_SLC__1SDV_20260608T000417_20260608T000444_064870_082CA0_7FF3,2026-05-15,2026-06-08,24.0,DESCENDING,48,S1A_IW_SLC__1SDV_20260515T000418_20260515T000445_064520_082060_0C8E__S1A_IW_SLC__1SDV_20260608T000417_20260608T000444_064870_082CA0_7FF3,CANDIDATE
S1A_IW_SLC__1SDV_20260527T000418_20260527T000445_064695_08267C_84B2,S1A_IW_SLC__1SDV_20260608T000417_20260608T000444_064870_082CA0_7FF3,2026-05-27,2026-06-08,12.0,DESCENDING,48,S1A_IW_SLC__1SDV_20260527T000418_20260527T000445_064695_08267C_84B2__S1A_IW_SLC__1SDV_20260608T000417_20260608T000444_064870_082CA0_7FF3,CANDIDATE
S1A_IW_SLC__1SDV_20260527T000418_20260527T000445_064695_08267C_84B2,S1A_IW_SLC__1SDV_20260620T000417_20260620T000444_065045_0832C4_489E,2026-05-27,2026-06-20,24.0,DESCENDING,48,S1A_IW_SLC__1SDV_20260527T000418_20260527T000445_064695_08267C_84B2__S1A_IW_SLC__1SDV_20260620T000417_20260620T000444_065045_0832C4_489E,CANDIDATE
S1A_IW_SLC__1SDV_20260608T000417_20260608T000444_064870_082CA0_7FF3,S1A_IW_SLC__1SDV_20260620T000417_20260620T000444_065045_0832C4_489E,2026-06-08,2026-06-20,12.0,DESCENDING,48,S1A_IW_SLC__1SDV_20260608T000417_20260608T000444_064870_082CA0_7FF3__S1A_IW_SLC__1SDV_20260620T000417_20260620T000444_065045_0832C4_489E,CANDIDATE
S1A_IW_SLC__1SDV_20260608T000417_20260608T000444_064870_082CA0_7FF3,S1D_IW_SLC__1SDV_20260627T000336_20260627T000403_003414_006042_C43A,2026-06-08,2026-06-27,19.0,DESCENDING,48,S1A_IW_SLC__1SDV_20260608T000417_20260608T000444_064870_082CA0_7FF3__S1D_IW_SLC__1SDV_20260627T000336_20260627T000403_003414_006042_C43A,CANDIDATE
S1A_IW_SLC__1SDV_20260620T000417_20260620T000444_065045_0832C4_489E,S1D_IW_SLC__1SDV_20260627T000336_20260627T000403_003414_006042_C43A,2026-06-20,2026-06-27,7.0,DESCENDING,48,S1A_IW_SLC__1SDV_20260620T000417_20260620T000444_065045_0832C4_489E__S1D_IW_SLC__1SDV_20260627T000336_20260627T000403_003414_006042_C43A,CANDIDATE
S1D_IW_SLC__1SDV_20260802T000335_20260802T000403_003939_00722D_4C76,S1D_IW_SLC__1SDV_20260814T000336_20260814T000403_004114_00783F_64A3,2026-08-02,2026-08-14,12.0,DESCENDING,48,S1D_IW_SLC__1SDV_20260802T000335_20260802T000403_003939_00722D_4C76__S1D_IW_SLC__1SDV_20260814T000336_20260814T000403_004114_00783F_64A3,CANDIDATE
S1D_IW_SLC__1SDV_20260814T000336_20260814T000403_004114_00783F_64A3,S1D_IW_SLC__1SDV_20260907T000336_20260907T000404_004464_008479_BF42,2026-08-14,2026-09-07,24.0,DESCENDING,48,S1D_IW_SLC__1SDV_20260814T000336_20260814T000403_004114_00783F_64A3__S1D_IW_SLC__1SDV_20260907T000336_20260907T000404_004464_008479_BF42,CANDIDATE
